# watch-page 2026-08-12T05:31:59.415Z
# url https://demo.uveapp.net · every 5s · heartbeat 120s · 120m
# the page is loaded ONCE. Every line below is a re-read of that same tab,
# and "tab-held" is the sentinel saying so. This instrument makes no network
# request of its own, so it cannot warm the edge or spend the page's budget.

2026-08-12 05:31:59Z  tab-held  first frame
    clocks    github … · bucket …
    budget    (none read — the page is on its fallback branch)
    cadence   —
    map       Reading the topology…
    verdict   —

2026-08-12 05:32:04Z  tab-held  CHANGED
    clocks    github 05:32:00 AM · bucket 05:31:59 AM
    budget    GitHub budget: 52 of 60 requests left this hour
    cadence   auto: bucket every 30 s — status and figures, the figures up to a minute behind the write; GitHub every 60 s
    map       Generated from infra/ and tests/. At rest it shows the last cycle that finished, dated 2026-08-11; the map is on the page whether or not anything is running.180 tests are collected from the suites the
    verdict   all 8 succeeded
    stage.vpc               destroyed         ended        24s      destroyed · these figures are from the cycle that ended · 24
    stage.secrets           destroyed         ended        8m 36s   destroyed · these figures are from the cycle that ended · 8m
    stage.rds               destroyed         ended        8m 36s   destroyed · these figures are from the cycle that ended · 8m
    stage.alb               destroyed         ended        3m 14s   destroyed · these figures are from the cycle that ended · 3m
    stage.ecs               destroyed         ended        11s      destroyed · these figures are from the cycle that ended · 11
    stage.cloudwatch        destroyed         ended        1s       destroyed · these figures are from the cycle that ended · 1s
    stage.budgets           destroyed         ended        7s       destroyed · these figures are from the cycle that ended · 7s
    prod.vpc                destroyed         ended        23s      destroyed · these figures are from the cycle that ended · 23
    prod.secrets            destroyed         ended        8m 16s   destroyed · these figures are from the cycle that ended · 8m
    prod.rds                destroyed         ended        8m 15s   destroyed · these figures are from the cycle that ended · 8m
    prod.alb                destroyed         ended        3m 3s    destroyed · these figures are from the cycle that ended · 3m
    prod.ecs                destroyed         ended        11s      destroyed · these figures are from the cycle that ended · 11
    prod.cloudwatch         destroyed         ended        0s       destroyed · these figures are from the cycle that ended · 0s
    prod.dnsrec             destroyed         ended        30s      destroyed · these figures are from the cycle that ended · 30
    prod.budgets            destroyed         ended        7s       destroyed · these figures are from the cycle that ended · 7s
    perm.tfstate            —                 —            —        —
    perm.oidc               —                 —            —        —
    perm.ecr                —                 —            —        —
    perm.dns                —                 —            —        —
    perm.site               —                 —            —        —
    perm.selfservice        —                 —            —        —
    build.ecr               not measured here —            —        not measured here · its step is in Actions, not in a timelin
    stage.migrate           not measured here —            —        not measured here · its step is in Actions, not in a timelin
    suite.db.stage          passed            —            —        2 of 2
    suite.api.stage         passed            —            5.8s     52 of 52 · 5.8s
    suite.regression.stage  passed            —            8.7s     12 of 12 · 8.7s
    suite.smoke.stage       passed            —            0.8s     2 of 2 · 0.8s
    gate.human              not measured here —            —        not measured here · its step is in Actions, not in a timelin
    suite.db.prod           passed            —            —        2 of 2
    suite.smoke.prod        passed            —            1.6s     2 of 2 · 1.6s
    destroy.stage           measured          —            8m 10s   8m 10s
    destroy.prod            measured          —            7m 49s   7m 49s
    out.devbox              —                 —            —        —
    out.github              —                 —            —        —
    (0 of 34 nodes unchanged)

2026-08-12 05:34:04Z  tab-held  CHANGED
    clocks    github 05:34:02 AM · bucket 05:34:01 AM
    budget    GitHub budget: 49 of 60 requests left this hour
    cadence   auto: bucket every 30 s — status and figures, the figures up to a minute behind the write; GitHub every 106 s (paced by the remaining budget)
    map       Generated from infra/ and tests/. At rest it shows the last cycle that finished, dated 2026-08-11; the map is on the page whether or not anything is running.180 tests are collected from the suites the
    verdict   all 8 succeeded · 1 still going
    stage.vpc               measured          PREVIOUS     24s      measured · these figures are from the cycle before this one 
        was: destroyed · ended · 24s · destroyed · these figures are from the cycle that ended · 24
    stage.secrets           measured          PREVIOUS     8m 36s   measured · these figures are from the cycle before this one 
        was: destroyed · ended · 8m 36s · destroyed · these figures are from the cycle that ended · 8m
    stage.rds               measured          PREVIOUS     8m 36s   measured · these figures are from the cycle before this one 
        was: destroyed · ended · 8m 36s · destroyed · these figures are from the cycle that ended · 8m
    stage.alb               measured          PREVIOUS     3m 14s   measured · these figures are from the cycle before this one 
        was: destroyed · ended · 3m 14s · destroyed · these figures are from the cycle that ended · 3m
    stage.ecs               measured          PREVIOUS     11s      measured · these figures are from the cycle before this one 
        was: destroyed · ended · 11s · destroyed · these figures are from the cycle that ended · 11
    stage.cloudwatch        measured          PREVIOUS     1s       measured · these figures are from the cycle before this one 
        was: destroyed · ended · 1s · destroyed · these figures are from the cycle that ended · 1s
    stage.budgets           measured          PREVIOUS     7s       measured · these figures are from the cycle before this one 
        was: destroyed · ended · 7s · destroyed · these figures are from the cycle that ended · 7s
    build.ecr               its phase is running—            —        its phase is running · its step is in Actions, not in a time
        was: not measured here · — · — · not measured here · its step is in Actions, not in a timelin
    suite.db.stage          passed            —            —        2 of 2 · from the previous run
        was: passed · — · — · 2 of 2
    suite.api.stage         passed            —            5.8s     52 of 52 · 5.8s · from the previous run
        was: passed · — · 5.8s · 52 of 52 · 5.8s
    suite.regression.stage  passed            —            8.7s     12 of 12 · 8.7s · from the previous run
        was: passed · — · 8.7s · 12 of 12 · 8.7s
    suite.smoke.stage       passed            —            0.8s     2 of 2 · 0.8s · from the previous run
        was: passed · — · 0.8s · 2 of 2 · 0.8s
    destroy.stage           measured          PREVIOUS     8m 10s   these figures are from the cycle before this one · 8m 10s
        was: measured · — · 8m 10s · 8m 10s
    (21 of 34 nodes unchanged)

2026-08-12 05:36:05Z  tab-held  CHANGED
    clocks    github 05:36:04 AM · bucket 05:36:03 AM
    budget    GitHub budget: 56 of 60 requests left this hour
    cadence   auto: bucket every 30 s — status and figures, the figures up to a minute behind the write; GitHub every 108 s (paced by the remaining budget)
    map       Generated from infra/ and tests/. At rest it shows the last cycle that finished, dated 2026-08-11; the map is on the page whether or not anything is running.180 tests are collected from the suites the
    verdict   all 8 succeeded · 1 still going
    build.ecr               finished in this run—            —        finished in this run · its step is in Actions, not in a time
        was: its phase is running · — · — · its phase is running · its step is in Actions, not in a time
    (33 of 34 nodes unchanged)

2026-08-12 05:38:05Z  tab-held  heartbeat
    clocks    github 05:36:04 AM · bucket 05:37:34 AM
    budget    GitHub budget: 56 of 60 requests left this hour
    cadence   auto: bucket every 30 s — status and figures, the figures up to a minute behind the write; GitHub every 104 s (paced by the remaining budget)
    map       Generated from infra/ and tests/. At rest it shows the last cycle that finished, dated 2026-08-11; the map is on the page whether or not anything is running.180 tests are collected from the suites the
    verdict   all 8 succeeded · 1 still going
    stage.vpc               measured          PREVIOUS     24s      measured · these figures are from the cycle before this one 
    stage.secrets           measured          PREVIOUS     8m 36s   measured · these figures are from the cycle before this one 
    stage.rds               measured          PREVIOUS     8m 36s   measured · these figures are from the cycle before this one 
    stage.alb               measured          PREVIOUS     3m 14s   measured · these figures are from the cycle before this one 
    stage.ecs               measured          PREVIOUS     11s      measured · these figures are from the cycle before this one 
    stage.cloudwatch        measured          PREVIOUS     1s       measured · these figures are from the cycle before this one 
    stage.budgets           measured          PREVIOUS     7s       measured · these figures are from the cycle before this one 
    prod.vpc                destroyed         ended        23s      destroyed · these figures are from the cycle that ended · 23
    prod.secrets            destroyed         ended        8m 16s   destroyed · these figures are from the cycle that ended · 8m
    prod.rds                destroyed         ended        8m 15s   destroyed · these figures are from the cycle that ended · 8m
    prod.alb                destroyed         ended        3m 3s    destroyed · these figures are from the cycle that ended · 3m
    prod.ecs                destroyed         ended        11s      destroyed · these figures are from the cycle that ended · 11
    prod.cloudwatch         destroyed         ended        0s       destroyed · these figures are from the cycle that ended · 0s
    prod.dnsrec             destroyed         ended        30s      destroyed · these figures are from the cycle that ended · 30
    prod.budgets            destroyed         ended        7s       destroyed · these figures are from the cycle that ended · 7s
    perm.tfstate            —                 —            —        —
    perm.oidc               —                 —            —        —
    perm.ecr                —                 —            —        —
    perm.dns                —                 —            —        —
    perm.site               —                 —            —        —
    perm.selfservice        —                 —            —        —
    build.ecr               finished in this run—            —        finished in this run · its step is in Actions, not in a time
    stage.migrate           not measured here —            —        not measured here · its step is in Actions, not in a timelin
    suite.db.stage          passed            —            —        2 of 2 · from the previous run
    suite.api.stage         passed            —            5.8s     52 of 52 · 5.8s · from the previous run
    suite.regression.stage  passed            —            8.7s     12 of 12 · 8.7s · from the previous run
    suite.smoke.stage       passed            —            0.8s     2 of 2 · 0.8s · from the previous run
    gate.human              not measured here —            —        not measured here · its step is in Actions, not in a timelin
    suite.db.prod           passed            —            —        2 of 2
    suite.smoke.prod        passed            —            1.6s     2 of 2 · 1.6s
    destroy.stage           measured          PREVIOUS     8m 10s   these figures are from the cycle before this one · 8m 10s
    destroy.prod            measured          —            7m 49s   7m 49s
    out.devbox              —                 —            —        —
    out.github              —                 —            —        —

2026-08-12 05:40:05Z  tab-held  heartbeat
    clocks    github 05:38:05 AM · bucket 05:39:36 AM
    budget    GitHub budget: 47 of 60 requests left this hour
    cadence   auto: bucket every 30 s — status and figures, the figures up to a minute behind the write; GitHub every 94 s (paced by the remaining budget)
    map       Generated from infra/ and tests/. At rest it shows the last cycle that finished, dated 2026-08-11; the map is on the page whether or not anything is running.180 tests are collected from the suites the
    verdict   all 8 succeeded · 1 still going
    stage.vpc               measured          PREVIOUS     24s      measured · these figures are from the cycle before this one 
    stage.secrets           measured          PREVIOUS     8m 36s   measured · these figures are from the cycle before this one 
    stage.rds               measured          PREVIOUS     8m 36s   measured · these figures are from the cycle before this one 
    stage.alb               measured          PREVIOUS     3m 14s   measured · these figures are from the cycle before this one 
    stage.ecs               measured          PREVIOUS     11s      measured · these figures are from the cycle before this one 
    stage.cloudwatch        measured          PREVIOUS     1s       measured · these figures are from the cycle before this one 
    stage.budgets           measured          PREVIOUS     7s       measured · these figures are from the cycle before this one 
    prod.vpc                destroyed         ended        23s      destroyed · these figures are from the cycle that ended · 23
    prod.secrets            destroyed         ended        8m 16s   destroyed · these figures are from the cycle that ended · 8m
    prod.rds                destroyed         ended        8m 15s   destroyed · these figures are from the cycle that ended · 8m
    prod.alb                destroyed         ended        3m 3s    destroyed · these figures are from the cycle that ended · 3m
    prod.ecs                destroyed         ended        11s      destroyed · these figures are from the cycle that ended · 11
    prod.cloudwatch         destroyed         ended        0s       destroyed · these figures are from the cycle that ended · 0s
    prod.dnsrec             destroyed         ended        30s      destroyed · these figures are from the cycle that ended · 30
    prod.budgets            destroyed         ended        7s       destroyed · these figures are from the cycle that ended · 7s
    perm.tfstate            —                 —            —        —
    perm.oidc               —                 —            —        —
    perm.ecr                —                 —            —        —
    perm.dns                —                 —            —        —
    perm.site               —                 —            —        —
    perm.selfservice        —                 —            —        —
    build.ecr               finished in this run—            —        finished in this run · its step is in Actions, not in a time
    stage.migrate           not measured here —            —        not measured here · its step is in Actions, not in a timelin
    suite.db.stage          passed            —            —        2 of 2 · from the previous run
    suite.api.stage         passed            —            5.8s     52 of 52 · 5.8s · from the previous run
    suite.regression.stage  passed            —            8.7s     12 of 12 · 8.7s · from the previous run
    suite.smoke.stage       passed            —            0.8s     2 of 2 · 0.8s · from the previous run
    gate.human              not measured here —            —        not measured here · its step is in Actions, not in a timelin
    suite.db.prod           passed            —            —        2 of 2
    suite.smoke.prod        passed            —            1.6s     2 of 2 · 1.6s
    destroy.stage           measured          PREVIOUS     8m 10s   these figures are from the cycle before this one · 8m 10s
    destroy.prod            measured          —            7m 49s   7m 49s
    out.devbox              —                 —            —        —
    out.github              —                 —            —        —

2026-08-12 05:42:06Z  tab-held  heartbeat
    clocks    github 05:40:07 AM · bucket 05:41:37 AM
    budget    GitHub budget: 45 of 60 requests left this hour
    cadence   auto: bucket every 30 s — status and figures, the figures up to a minute behind the write; GitHub every 93 s (paced by the remaining budget)
    map       Generated from infra/ and tests/. At rest it shows the last cycle that finished, dated 2026-08-11; the map is on the page whether or not anything is running.180 tests are collected from the suites the
    verdict   all 8 succeeded · 1 still going
    stage.vpc               measured          PREVIOUS     24s      measured · these figures are from the cycle before this one 
    stage.secrets           measured          PREVIOUS     8m 36s   measured · these figures are from the cycle before this one 
    stage.rds               measured          PREVIOUS     8m 36s   measured · these figures are from the cycle before this one 
    stage.alb               measured          PREVIOUS     3m 14s   measured · these figures are from the cycle before this one 
    stage.ecs               measured          PREVIOUS     11s      measured · these figures are from the cycle before this one 
    stage.cloudwatch        measured          PREVIOUS     1s       measured · these figures are from the cycle before this one 
    stage.budgets           measured          PREVIOUS     7s       measured · these figures are from the cycle before this one 
    prod.vpc                destroyed         ended        23s      destroyed · these figures are from the cycle that ended · 23
    prod.secrets            destroyed         ended        8m 16s   destroyed · these figures are from the cycle that ended · 8m
    prod.rds                destroyed         ended        8m 15s   destroyed · these figures are from the cycle that ended · 8m
    prod.alb                destroyed         ended        3m 3s    destroyed · these figures are from the cycle that ended · 3m
    prod.ecs                destroyed         ended        11s      destroyed · these figures are from the cycle that ended · 11
    prod.cloudwatch         destroyed         ended        0s       destroyed · these figures are from the cycle that ended · 0s
    prod.dnsrec             destroyed         ended        30s      destroyed · these figures are from the cycle that ended · 30
    prod.budgets            destroyed         ended        7s       destroyed · these figures are from the cycle that ended · 7s
    perm.tfstate            —                 —            —        —
    perm.oidc               —                 —            —        —
    perm.ecr                —                 —            —        —
    perm.dns                —                 —            —        —
    perm.site               —                 —            —        —
    perm.selfservice        —                 —            —        —
    build.ecr               finished in this run—            —        finished in this run · its step is in Actions, not in a time
    stage.migrate           not measured here —            —        not measured here · its step is in Actions, not in a timelin
    suite.db.stage          passed            —            —        2 of 2 · from the previous run
    suite.api.stage         passed            —            5.8s     52 of 52 · 5.8s · from the previous run
    suite.regression.stage  passed            —            8.7s     12 of 12 · 8.7s · from the previous run
    suite.smoke.stage       passed            —            0.8s     2 of 2 · 0.8s · from the previous run
    gate.human              not measured here —            —        not measured here · its step is in Actions, not in a timelin
    suite.db.prod           passed            —            —        2 of 2
    suite.smoke.prod        passed            —            1.6s     2 of 2 · 1.6s
    destroy.stage           measured          PREVIOUS     8m 10s   these figures are from the cycle before this one · 8m 10s
    destroy.prod            measured          —            7m 49s   7m 49s
    out.devbox              —                 —            —        —
    out.github              —                 —            —        —

2026-08-12 05:44:06Z  tab-held  heartbeat
    clocks    github 05:42:08 AM · bucket 05:43:39 AM
    budget    GitHub budget: 43 of 60 requests left this hour
    cadence   auto: bucket every 30 s — status and figures, the figures up to a minute behind the write; GitHub every 92 s (paced by the remaining budget)
    map       Generated from infra/ and tests/. At rest it shows the last cycle that finished, dated 2026-08-11; the map is on the page whether or not anything is running.180 tests are collected from the suites the
    verdict   all 8 succeeded · 1 still going
    stage.vpc               measured          PREVIOUS     24s      measured · these figures are from the cycle before this one 
    stage.secrets           measured          PREVIOUS     8m 36s   measured · these figures are from the cycle before this one 
    stage.rds               measured          PREVIOUS     8m 36s   measured · these figures are from the cycle before this one 
    stage.alb               measured          PREVIOUS     3m 14s   measured · these figures are from the cycle before this one 
    stage.ecs               measured          PREVIOUS     11s      measured · these figures are from the cycle before this one 
    stage.cloudwatch        measured          PREVIOUS     1s       measured · these figures are from the cycle before this one 
    stage.budgets           measured          PREVIOUS     7s       measured · these figures are from the cycle before this one 
    prod.vpc                destroyed         ended        23s      destroyed · these figures are from the cycle that ended · 23
    prod.secrets            destroyed         ended        8m 16s   destroyed · these figures are from the cycle that ended · 8m
    prod.rds                destroyed         ended        8m 15s   destroyed · these figures are from the cycle that ended · 8m
    prod.alb                destroyed         ended        3m 3s    destroyed · these figures are from the cycle that ended · 3m
    prod.ecs                destroyed         ended        11s      destroyed · these figures are from the cycle that ended · 11
    prod.cloudwatch         destroyed         ended        0s       destroyed · these figures are from the cycle that ended · 0s
    prod.dnsrec             destroyed         ended        30s      destroyed · these figures are from the cycle that ended · 30
    prod.budgets            destroyed         ended        7s       destroyed · these figures are from the cycle that ended · 7s
    perm.tfstate            —                 —            —        —
    perm.oidc               —                 —            —        —
    perm.ecr                —                 —            —        —
    perm.dns                —                 —            —        —
    perm.site               —                 —            —        —
    perm.selfservice        —                 —            —        —
    build.ecr               finished in this run—            —        finished in this run · its step is in Actions, not in a time
    stage.migrate           not measured here —            —        not measured here · its step is in Actions, not in a timelin
    suite.db.stage          passed            —            —        2 of 2 · from the previous run
    suite.api.stage         passed            —            5.8s     52 of 52 · 5.8s · from the previous run
    suite.regression.stage  passed            —            8.7s     12 of 12 · 8.7s · from the previous run
    suite.smoke.stage       passed            —            0.8s     2 of 2 · 0.8s · from the previous run
    gate.human              not measured here —            —        not measured here · its step is in Actions, not in a timelin
    suite.db.prod           passed            —            —        2 of 2
    suite.smoke.prod        passed            —            1.6s     2 of 2 · 1.6s
    destroy.stage           measured          PREVIOUS     8m 10s   these figures are from the cycle before this one · 8m 10s
    destroy.prod            measured          —            7m 49s   7m 49s
    out.devbox              —                 —            —        —
    out.github              —                 —            —        —

2026-08-12 05:44:11Z  tab-held  CHANGED
    clocks    github 05:44:10 AM · bucket 05:44:09 AM
    budget    GitHub budget: 41 of 60 requests left this hour
    cadence   auto: bucket every 30 s — status and figures, the figures up to a minute behind the write; GitHub every 95 s (paced by the remaining budget)
    map       Generated from infra/ and tests/. At rest it shows the last cycle that finished, dated 2026-08-11; the map is on the page whether or not anything is running.180 tests are collected from the suites the
    verdict   all 8 succeeded · 1 still going
    stage.migrate           its phase is running—            —        its phase is running · its step is in Actions, not in a time
        was: not measured here · — · — · not measured here · its step is in Actions, not in a timelin
    suite.db.stage          running now       —            —        running now · its report arrives when the step ends
        was: passed · — · — · 2 of 2 · from the previous run
    suite.api.stage         passed            —            5.8s     passed · 52 of 52 · 5.8s · from the previous run
        was: passed · — · 5.8s · 52 of 52 · 5.8s · from the previous run
    suite.regression.stage  passed            —            8.7s     passed · 12 of 12 · 8.7s · from the previous run
        was: passed · — · 8.7s · 12 of 12 · 8.7s · from the previous run
    suite.smoke.stage       passed            —            0.8s     passed · 2 of 2 · 0.8s · from the previous run
        was: passed · — · 0.8s · 2 of 2 · 0.8s · from the previous run
    (29 of 34 nodes unchanged)

2026-08-12 05:46:12Z  tab-held  heartbeat
    clocks    github 05:46:11 AM · bucket 05:46:10 AM
    budget    GitHub budget: 39 of 60 requests left this hour
    cadence   auto: bucket every 30 s — status and figures, the figures up to a minute behind the write; GitHub every 93 s (paced by the remaining budget)
    map       Generated from infra/ and tests/. At rest it shows the last cycle that finished, dated 2026-08-11; the map is on the page whether or not anything is running.180 tests are collected from the suites the
    verdict   all 8 succeeded · 1 still going
    stage.vpc               measured          PREVIOUS     24s      measured · these figures are from the cycle before this one 
    stage.secrets           measured          PREVIOUS     8m 36s   measured · these figures are from the cycle before this one 
    stage.rds               measured          PREVIOUS     8m 36s   measured · these figures are from the cycle before this one 
    stage.alb               measured          PREVIOUS     3m 14s   measured · these figures are from the cycle before this one 
    stage.ecs               measured          PREVIOUS     11s      measured · these figures are from the cycle before this one 
    stage.cloudwatch        measured          PREVIOUS     1s       measured · these figures are from the cycle before this one 
    stage.budgets           measured          PREVIOUS     7s       measured · these figures are from the cycle before this one 
    prod.vpc                destroyed         ended        23s      destroyed · these figures are from the cycle that ended · 23
    prod.secrets            destroyed         ended        8m 16s   destroyed · these figures are from the cycle that ended · 8m
    prod.rds                destroyed         ended        8m 15s   destroyed · these figures are from the cycle that ended · 8m
    prod.alb                destroyed         ended        3m 3s    destroyed · these figures are from the cycle that ended · 3m
    prod.ecs                destroyed         ended        11s      destroyed · these figures are from the cycle that ended · 11
    prod.cloudwatch         destroyed         ended        0s       destroyed · these figures are from the cycle that ended · 0s
    prod.dnsrec             destroyed         ended        30s      destroyed · these figures are from the cycle that ended · 30
    prod.budgets            destroyed         ended        7s       destroyed · these figures are from the cycle that ended · 7s
    perm.tfstate            —                 —            —        —
    perm.oidc               —                 —            —        —
    perm.ecr                —                 —            —        —
    perm.dns                —                 —            —        —
    perm.site               —                 —            —        —
    perm.selfservice        —                 —            —        —
    build.ecr               finished in this run—            —        finished in this run · its step is in Actions, not in a time
    stage.migrate           its phase is running—            —        its phase is running · its step is in Actions, not in a time
    suite.db.stage          running now       —            —        running now · its report arrives when the step ends
    suite.api.stage         passed            —            5.8s     passed · 52 of 52 · 5.8s · from the previous run
    suite.regression.stage  passed            —            8.7s     passed · 12 of 12 · 8.7s · from the previous run
    suite.smoke.stage       passed            —            0.8s     passed · 2 of 2 · 0.8s · from the previous run
    gate.human              not measured here —            —        not measured here · its step is in Actions, not in a timelin
    suite.db.prod           passed            —            —        2 of 2
    suite.smoke.prod        passed            —            1.6s     2 of 2 · 1.6s
    destroy.stage           measured          PREVIOUS     8m 10s   these figures are from the cycle before this one · 8m 10s
    destroy.prod            measured          —            7m 49s   7m 49s
    out.devbox              —                 —            —        —
    out.github              —                 —            —        —

2026-08-12 05:48:12Z  tab-held  heartbeat
    clocks    github 05:46:11 AM · bucket 05:47:42 AM
    budget    GitHub budget: 39 of 60 requests left this hour
    cadence   auto: bucket every 30 s — status and figures, the figures up to a minute behind the write; GitHub every 88 s (paced by the remaining budget)
    map       Generated from infra/ and tests/. At rest it shows the last cycle that finished, dated 2026-08-11; the map is on the page whether or not anything is running.180 tests are collected from the suites the
    verdict   all 8 succeeded · 1 still going
    stage.vpc               measured          PREVIOUS     24s      measured · these figures are from the cycle before this one 
    stage.secrets           measured          PREVIOUS     8m 36s   measured · these figures are from the cycle before this one 
    stage.rds               measured          PREVIOUS     8m 36s   measured · these figures are from the cycle before this one 
    stage.alb               measured          PREVIOUS     3m 14s   measured · these figures are from the cycle before this one 
    stage.ecs               measured          PREVIOUS     11s      measured · these figures are from the cycle before this one 
    stage.cloudwatch        measured          PREVIOUS     1s       measured · these figures are from the cycle before this one 
    stage.budgets           measured          PREVIOUS     7s       measured · these figures are from the cycle before this one 
    prod.vpc                destroyed         ended        23s      destroyed · these figures are from the cycle that ended · 23
    prod.secrets            destroyed         ended        8m 16s   destroyed · these figures are from the cycle that ended · 8m
    prod.rds                destroyed         ended        8m 15s   destroyed · these figures are from the cycle that ended · 8m
    prod.alb                destroyed         ended        3m 3s    destroyed · these figures are from the cycle that ended · 3m
    prod.ecs                destroyed         ended        11s      destroyed · these figures are from the cycle that ended · 11
    prod.cloudwatch         destroyed         ended        0s       destroyed · these figures are from the cycle that ended · 0s
    prod.dnsrec             destroyed         ended        30s      destroyed · these figures are from the cycle that ended · 30
    prod.budgets            destroyed         ended        7s       destroyed · these figures are from the cycle that ended · 7s
    perm.tfstate            —                 —            —        —
    perm.oidc               —                 —            —        —
    perm.ecr                —                 —            —        —
    perm.dns                —                 —            —        —
    perm.site               —                 —            —        —
    perm.selfservice        —                 —            —        —
    build.ecr               finished in this run—            —        finished in this run · its step is in Actions, not in a time
    stage.migrate           its phase is running—            —        its phase is running · its step is in Actions, not in a time
    suite.db.stage          running now       —            —        running now · its report arrives when the step ends
    suite.api.stage         passed            —            5.8s     passed · 52 of 52 · 5.8s · from the previous run
    suite.regression.stage  passed            —            8.7s     passed · 12 of 12 · 8.7s · from the previous run
    suite.smoke.stage       passed            —            0.8s     passed · 2 of 2 · 0.8s · from the previous run
    gate.human              not measured here —            —        not measured here · its step is in Actions, not in a timelin
    suite.db.prod           passed            —            —        2 of 2
    suite.smoke.prod        passed            —            1.6s     2 of 2 · 1.6s
    destroy.stage           measured          PREVIOUS     8m 10s   these figures are from the cycle before this one · 8m 10s
    destroy.prod            measured          —            7m 49s   7m 49s
    out.devbox              —                 —            —        —
    out.github              —                 —            —        —

2026-08-12 05:48:17Z  tab-held  CHANGED
    clocks    github 05:48:13 AM · bucket 05:48:12 AM
    budget    GitHub budget: 37 of 60 requests left this hour
    cadence   auto: bucket every 30 s — status and figures, the figures up to a minute behind the write; GitHub every 92 s (paced by the remaining budget)
    map       Generated from infra/ and tests/. At rest it shows the last cycle that finished, dated 2026-08-11; the map is on the page whether or not anything is running.180 tests are collected from the suites the
    verdict   all 8 succeeded · 1 still going
    stage.migrate           finished in this run—            —        finished in this run · its step is in Actions, not in a time
        was: its phase is running · — · — · its phase is running · its step is in Actions, not in a time
    suite.db.stage          passed            —            —        passed · 2 of 2 · from the previous run
        was: running now · — · — · running now · its report arrives when the step ends
    suite.regression.stage  running now       —            —        running now · its report arrives when the step ends
        was: passed · — · 8.7s · passed · 12 of 12 · 8.7s · from the previous run
    (31 of 34 nodes unchanged)

2026-08-12 05:50:17Z  tab-held  CHANGED
    clocks    github 05:50:14 AM · bucket 05:50:13 AM
    budget    GitHub budget: 35 of 60 requests left this hour
    cadence   auto: bucket every 30 s — status and figures, the figures up to a minute behind the write; GitHub every 60 s
    map       Generated from infra/ and tests/. At rest it shows the last cycle that finished, dated 2026-08-12; the map is on the page whether or not anything is running.180 tests are collected from the suites the
    verdict   all 9 succeeded
    stage.vpc               measured          —            26s      measured · 26s
        was: measured · PREVIOUS · 24s · measured · these figures are from the cycle before this one 
    stage.secrets           measured          —            8m 36s   measured · 8m 36s
        was: measured · PREVIOUS · 8m 36s · measured · these figures are from the cycle before this one 
    stage.rds               measured          —            8m 36s   measured · 8m 36s
        was: measured · PREVIOUS · 8m 36s · measured · these figures are from the cycle before this one 
    stage.alb               measured          —            3m 16s   measured · 3m 16s
        was: measured · PREVIOUS · 3m 14s · measured · these figures are from the cycle before this one 
    stage.ecs               measured          —            12s      measured · 12s
        was: measured · PREVIOUS · 11s · measured · these figures are from the cycle before this one 
    stage.cloudwatch        measured          —            0s       measured · 0s
        was: measured · PREVIOUS · 1s · measured · these figures are from the cycle before this one 
    stage.budgets           measured          —            7s       measured · 7s
        was: measured · PREVIOUS · 7s · measured · these figures are from the cycle before this one 
    build.ecr               not measured here —            —        not measured here · its step is in Actions, not in a timelin
        was: finished in this run · — · — · finished in this run · its step is in Actions, not in a time
    stage.migrate           not measured here —            —        not measured here · its step is in Actions, not in a timelin
        was: finished in this run · — · — · finished in this run · its step is in Actions, not in a time
    suite.db.stage          passed            —            —        2 of 2
        was: passed · — · — · passed · 2 of 2 · from the previous run
    suite.api.stage         passed            —            5.1s     52 of 52 · 5.1s
        was: passed · — · 5.8s · passed · 52 of 52 · 5.8s · from the previous run
    suite.regression.stage  passed            —            8.0s     12 of 12 · 8.0s
        was: running now · — · — · running now · its report arrives when the step ends
    suite.smoke.stage       passed            —            0.6s     2 of 2 · 0.6s
        was: passed · — · 0.8s · passed · 2 of 2 · 0.8s · from the previous run
    destroy.stage           measured          —            8m 10s   8m 10s
        was: measured · PREVIOUS · 8m 10s · these figures are from the cycle before this one · 8m 10s
    (20 of 34 nodes unchanged)

2026-08-12 05:52:18Z  tab-held  heartbeat
    clocks    github 05:52:16 AM · bucket 05:52:15 AM
    budget    GitHub budget: 33 of 60 requests left this hour
    cadence   auto: bucket every 30 s — status and figures, the figures up to a minute behind the write; GitHub every 60 s
    map       Generated from infra/ and tests/. At rest it shows the last cycle that finished, dated 2026-08-12; the map is on the page whether or not anything is running.180 tests are collected from the suites the
    verdict   all 9 succeeded
    stage.vpc               measured          —            26s      measured · 26s
    stage.secrets           measured          —            8m 36s   measured · 8m 36s
    stage.rds               measured          —            8m 36s   measured · 8m 36s
    stage.alb               measured          —            3m 16s   measured · 3m 16s
    stage.ecs               measured          —            12s      measured · 12s
    stage.cloudwatch        measured          —            0s       measured · 0s
    stage.budgets           measured          —            7s       measured · 7s
    prod.vpc                destroyed         ended        23s      destroyed · these figures are from the cycle that ended · 23
    prod.secrets            destroyed         ended        8m 16s   destroyed · these figures are from the cycle that ended · 8m
    prod.rds                destroyed         ended        8m 15s   destroyed · these figures are from the cycle that ended · 8m
    prod.alb                destroyed         ended        3m 3s    destroyed · these figures are from the cycle that ended · 3m
    prod.ecs                destroyed         ended        11s      destroyed · these figures are from the cycle that ended · 11
    prod.cloudwatch         destroyed         ended        0s       destroyed · these figures are from the cycle that ended · 0s
    prod.dnsrec             destroyed         ended        30s      destroyed · these figures are from the cycle that ended · 30
    prod.budgets            destroyed         ended        7s       destroyed · these figures are from the cycle that ended · 7s
    perm.tfstate            —                 —            —        —
    perm.oidc               —                 —            —        —
    perm.ecr                —                 —            —        —
    perm.dns                —                 —            —        —
    perm.site               —                 —            —        —
    perm.selfservice        —                 —            —        —
    build.ecr               not measured here —            —        not measured here · its step is in Actions, not in a timelin
    stage.migrate           not measured here —            —        not measured here · its step is in Actions, not in a timelin
    suite.db.stage          passed            —            —        2 of 2
    suite.api.stage         passed            —            5.1s     52 of 52 · 5.1s
    suite.regression.stage  passed            —            8.0s     12 of 12 · 8.0s
    suite.smoke.stage       passed            —            0.6s     2 of 2 · 0.6s
    gate.human              not measured here —            —        not measured here · its step is in Actions, not in a timelin
    suite.db.prod           passed            —            —        2 of 2
    suite.smoke.prod        passed            —            1.6s     2 of 2 · 1.6s
    destroy.stage           measured          —            8m 10s   8m 10s
    destroy.prod            measured          —            7m 49s   7m 49s
    out.devbox              —                 —            —        —
    out.github              —                 —            —        —

2026-08-12 05:54:18Z  tab-held  heartbeat
    clocks    github 05:53:18 AM · bucket 05:53:48 AM
    budget    GitHub budget: 32 of 60 requests left this hour
    cadence   auto: bucket every 30 s — status and figures, the figures up to a minute behind the write; GitHub every 60 s
    map       Generated from infra/ and tests/. At rest it shows the last cycle that finished, dated 2026-08-12; the map is on the page whether or not anything is running.180 tests are collected from the suites the
    verdict   all 9 succeeded
    stage.vpc               measured          —            26s      measured · 26s
    stage.secrets           measured          —            8m 36s   measured · 8m 36s
    stage.rds               measured          —            8m 36s   measured · 8m 36s
    stage.alb               measured          —            3m 16s   measured · 3m 16s
    stage.ecs               measured          —            12s      measured · 12s
    stage.cloudwatch        measured          —            0s       measured · 0s
    stage.budgets           measured          —            7s       measured · 7s
    prod.vpc                destroyed         ended        23s      destroyed · these figures are from the cycle that ended · 23
    prod.secrets            destroyed         ended        8m 16s   destroyed · these figures are from the cycle that ended · 8m
    prod.rds                destroyed         ended        8m 15s   destroyed · these figures are from the cycle that ended · 8m
    prod.alb                destroyed         ended        3m 3s    destroyed · these figures are from the cycle that ended · 3m
    prod.ecs                destroyed         ended        11s      destroyed · these figures are from the cycle that ended · 11
    prod.cloudwatch         destroyed         ended        0s       destroyed · these figures are from the cycle that ended · 0s
    prod.dnsrec             destroyed         ended        30s      destroyed · these figures are from the cycle that ended · 30
    prod.budgets            destroyed         ended        7s       destroyed · these figures are from the cycle that ended · 7s
    perm.tfstate            —                 —            —        —
    perm.oidc               —                 —            —        —
    perm.ecr                —                 —            —        —
    perm.dns                —                 —            —        —
    perm.site               —                 —            —        —
    perm.selfservice        —                 —            —        —
    build.ecr               not measured here —            —        not measured here · its step is in Actions, not in a timelin
    stage.migrate           not measured here —            —        not measured here · its step is in Actions, not in a timelin
    suite.db.stage          passed            —            —        2 of 2
    suite.api.stage         passed            —            5.1s     52 of 52 · 5.1s
    suite.regression.stage  passed            —            8.0s     12 of 12 · 8.0s
    suite.smoke.stage       passed            —            0.6s     2 of 2 · 0.6s
    gate.human              not measured here —            —        not measured here · its step is in Actions, not in a timelin
    suite.db.prod           passed            —            —        2 of 2
    suite.smoke.prod        passed            —            1.6s     2 of 2 · 1.6s
    destroy.stage           measured          —            8m 10s   8m 10s
    destroy.prod            measured          —            7m 49s   7m 49s
    out.devbox              —                 —            —        —
    out.github              —                 —            —        —

2026-08-12 05:56:18Z  tab-held  heartbeat
    clocks    github 05:55:20 AM · bucket 05:55:50 AM
    budget    GitHub budget: 31 of 60 requests left this hour
    cadence   auto: bucket every 30 s — status and figures, the figures up to a minute behind the write; GitHub every 60 s
    map       Generated from infra/ and tests/. At rest it shows the last cycle that finished, dated 2026-08-12; the map is on the page whether or not anything is running.180 tests are collected from the suites the
    verdict   all 9 succeeded
    stage.vpc               measured          —            26s      measured · 26s
    stage.secrets           measured          —            8m 36s   measured · 8m 36s
    stage.rds               measured          —            8m 36s   measured · 8m 36s
    stage.alb               measured          —            3m 16s   measured · 3m 16s
    stage.ecs               measured          —            12s      measured · 12s
    stage.cloudwatch        measured          —            0s       measured · 0s
    stage.budgets           measured          —            7s       measured · 7s
    prod.vpc                destroyed         ended        23s      destroyed · these figures are from the cycle that ended · 23
    prod.secrets            destroyed         ended        8m 16s   destroyed · these figures are from the cycle that ended · 8m
    prod.rds                destroyed         ended        8m 15s   destroyed · these figures are from the cycle that ended · 8m
    prod.alb                destroyed         ended        3m 3s    destroyed · these figures are from the cycle that ended · 3m
    prod.ecs                destroyed         ended        11s      destroyed · these figures are from the cycle that ended · 11
    prod.cloudwatch         destroyed         ended        0s       destroyed · these figures are from the cycle that ended · 0s
    prod.dnsrec             destroyed         ended        30s      destroyed · these figures are from the cycle that ended · 30
    prod.budgets            destroyed         ended        7s       destroyed · these figures are from the cycle that ended · 7s
    perm.tfstate            —                 —            —        —
    perm.oidc               —                 —            —        —
    perm.ecr                —                 —            —        —
    perm.dns                —                 —            —        —
    perm.site               —                 —            —        —
    perm.selfservice        —                 —            —        —
    build.ecr               not measured here —            —        not measured here · its step is in Actions, not in a timelin
    stage.migrate           not measured here —            —        not measured here · its step is in Actions, not in a timelin
    suite.db.stage          passed            —            —        2 of 2
    suite.api.stage         passed            —            5.1s     52 of 52 · 5.1s
    suite.regression.stage  passed            —            8.0s     12 of 12 · 8.0s
    suite.smoke.stage       passed            —            0.6s     2 of 2 · 0.6s
    gate.human              not measured here —            —        not measured here · its step is in Actions, not in a timelin
    suite.db.prod           passed            —            —        2 of 2
    suite.smoke.prod        passed            —            1.6s     2 of 2 · 1.6s
    destroy.stage           measured          —            8m 10s   8m 10s
    destroy.prod            measured          —            7m 49s   7m 49s
    out.devbox              —                 —            —        —
    out.github              —                 —            —        —

2026-08-12 05:56:23Z  tab-held  CHANGED
    clocks    github 05:56:21 AM · bucket 05:56:20 AM
    budget    GitHub budget: 29 of 60 requests left this hour
    cadence   auto: bucket every 30 s — status and figures, the figures up to a minute behind the write; GitHub every 81 s (paced by the remaining budget)
    map       Generated from infra/ and tests/. At rest it shows the last cycle that finished, dated 2026-08-12; the map is on the page whether or not anything is running.180 tests are collected from the suites the
    verdict   all 8 succeeded · 1 still going
    prod.vpc                measured          PREVIOUS     23s      measured · these figures are from the cycle before this one 
        was: destroyed · ended · 23s · destroyed · these figures are from the cycle that ended · 23
    prod.secrets            measured          PREVIOUS     8m 16s   measured · these figures are from the cycle before this one 
        was: destroyed · ended · 8m 16s · destroyed · these figures are from the cycle that ended · 8m
    prod.rds                measured          PREVIOUS     8m 15s   measured · these figures are from the cycle before this one 
        was: destroyed · ended · 8m 15s · destroyed · these figures are from the cycle that ended · 8m
    prod.alb                measured          PREVIOUS     3m 3s    measured · these figures are from the cycle before this one 
        was: destroyed · ended · 3m 3s · destroyed · these figures are from the cycle that ended · 3m
    prod.ecs                measured          PREVIOUS     11s      measured · these figures are from the cycle before this one 
        was: destroyed · ended · 11s · destroyed · these figures are from the cycle that ended · 11
    prod.cloudwatch         measured          PREVIOUS     0s       measured · these figures are from the cycle before this one 
        was: destroyed · ended · 0s · destroyed · these figures are from the cycle that ended · 0s
    prod.dnsrec             measured          PREVIOUS     30s      measured · these figures are from the cycle before this one 
        was: destroyed · ended · 30s · destroyed · these figures are from the cycle that ended · 30
    prod.budgets            measured          PREVIOUS     7s       measured · these figures are from the cycle before this one 
        was: destroyed · ended · 7s · destroyed · these figures are from the cycle that ended · 7s
    gate.human              its phase is running—            —        its phase is running · its step is in Actions, not in a time
        was: not measured here · — · — · not measured here · its step is in Actions, not in a timelin
    suite.db.prod           passed            —            —        2 of 2 · from the previous run
        was: passed · — · — · 2 of 2
    suite.smoke.prod        passed            —            1.6s     2 of 2 · 1.6s · from the previous run
        was: passed · — · 1.6s · 2 of 2 · 1.6s
    destroy.prod            measured          PREVIOUS     7m 49s   these figures are from the cycle before this one · 7m 49s
        was: measured · — · 7m 49s · 7m 49s
    (22 of 34 nodes unchanged)

2026-08-12 05:57:53Z  tab-held  CHANGED
    clocks    github 05:57:53 AM · bucket 05:57:52 AM
    budget    GitHub budget: 27 of 60 requests left this hour
    cadence   auto: bucket every 30 s — status and figures, the figures up to a minute behind the write; GitHub every 80 s (paced by the remaining budget)
    map       Generated from infra/ and tests/. At rest it shows the last cycle that finished, dated 2026-08-12; the map is on the page whether or not anything is running.180 tests are collected from the suites the
    verdict   all 8 succeeded · 1 still going
    prod.vpc                measured          —            23s      measured · 23s
        was: measured · PREVIOUS · 23s · measured · these figures are from the cycle before this one 
    prod.secrets            measured          —            8m 16s   measured · 8m 16s
        was: measured · PREVIOUS · 8m 16s · measured · these figures are from the cycle before this one 
    prod.rds                measured          —            8m 15s   measured · 8m 15s
        was: measured · PREVIOUS · 8m 15s · measured · these figures are from the cycle before this one 
    prod.alb                measured          —            3m 3s    measured · 3m 3s
        was: measured · PREVIOUS · 3m 3s · measured · these figures are from the cycle before this one 
    prod.ecs                measured          —            11s      measured · 11s
        was: measured · PREVIOUS · 11s · measured · these figures are from the cycle before this one 
    prod.cloudwatch         measured          —            0s       measured · 0s
        was: measured · PREVIOUS · 0s · measured · these figures are from the cycle before this one 
    prod.dnsrec             measured          —            30s      measured · 30s
        was: measured · PREVIOUS · 30s · measured · these figures are from the cycle before this one 
    prod.budgets            measured          —            7s       measured · 7s
        was: measured · PREVIOUS · 7s · measured · these figures are from the cycle before this one 
    gate.human              not measured here —            —        not measured here · its step is in Actions, not in a timelin
        was: its phase is running · — · — · its phase is running · its step is in Actions, not in a time
    suite.db.prod           passed            —            —        2 of 2
        was: passed · — · — · 2 of 2 · from the previous run
    suite.smoke.prod        passed            —            1.6s     2 of 2 · 1.6s
        was: passed · — · 1.6s · 2 of 2 · 1.6s · from the previous run
    destroy.prod            measured          —            7m 49s   7m 49s
        was: measured · PREVIOUS · 7m 49s · these figures are from the cycle before this one · 7m 49s
    (22 of 34 nodes unchanged)

2026-08-12 05:59:54Z  tab-held  heartbeat
    clocks    github 05:59:24 AM · bucket 05:59:23 AM
    budget    GitHub budget: 25 of 60 requests left this hour
    cadence   auto: bucket every 30 s — status and figures, the figures up to a minute behind the write; GitHub every 79 s (paced by the remaining budget)
    map       Generated from infra/ and tests/. At rest it shows the last cycle that finished, dated 2026-08-12; the map is on the page whether or not anything is running.180 tests are collected from the suites the
    verdict   all 8 succeeded · 1 still going
    stage.vpc               measured          —            26s      measured · 26s
    stage.secrets           measured          —            8m 36s   measured · 8m 36s
    stage.rds               measured          —            8m 36s   measured · 8m 36s
    stage.alb               measured          —            3m 16s   measured · 3m 16s
    stage.ecs               measured          —            12s      measured · 12s
    stage.cloudwatch        measured          —            0s       measured · 0s
    stage.budgets           measured          —            7s       measured · 7s
    prod.vpc                measured          —            23s      measured · 23s
    prod.secrets            measured          —            8m 16s   measured · 8m 16s
    prod.rds                measured          —            8m 15s   measured · 8m 15s
    prod.alb                measured          —            3m 3s    measured · 3m 3s
    prod.ecs                measured          —            11s      measured · 11s
    prod.cloudwatch         measured          —            0s       measured · 0s
    prod.dnsrec             measured          —            30s      measured · 30s
    prod.budgets            measured          —            7s       measured · 7s
    perm.tfstate            —                 —            —        —
    perm.oidc               —                 —            —        —
    perm.ecr                —                 —            —        —
    perm.dns                —                 —            —        —
    perm.site               —                 —            —        —
    perm.selfservice        —                 —            —        —
    build.ecr               not measured here —            —        not measured here · its step is in Actions, not in a timelin
    stage.migrate           not measured here —            —        not measured here · its step is in Actions, not in a timelin
    suite.db.stage          passed            —            —        2 of 2
    suite.api.stage         passed            —            5.1s     52 of 52 · 5.1s
    suite.regression.stage  passed            —            8.0s     12 of 12 · 8.0s
    suite.smoke.stage       passed            —            0.6s     2 of 2 · 0.6s
    gate.human              not measured here —            —        not measured here · its step is in Actions, not in a timelin
    suite.db.prod           passed            —            —        2 of 2
    suite.smoke.prod        passed            —            1.6s     2 of 2 · 1.6s
    destroy.stage           measured          —            8m 10s   8m 10s
    destroy.prod            measured          —            7m 49s   7m 49s
    out.devbox              —                 —            —        —
    out.github              —                 —            —        —

2026-08-12 06:01:54Z  tab-held  heartbeat
    clocks    github 06:00:55 AM · bucket 06:01:26 AM
    budget    GitHub budget: 53 of 60 requests left this hour
    cadence   auto: bucket every 30 s — status and figures, the figures up to a minute behind the write; GitHub every 50 s (paced by the remaining budget)
    map       Generated from infra/ and tests/. At rest it shows the last cycle that finished, dated 2026-08-12; the map is on the page whether or not anything is running.180 tests are collected from the suites the
    verdict   all 8 succeeded · 1 still going
    stage.vpc               measured          —            26s      measured · 26s
    stage.secrets           measured          —            8m 36s   measured · 8m 36s
    stage.rds               measured          —            8m 36s   measured · 8m 36s
    stage.alb               measured          —            3m 16s   measured · 3m 16s
    stage.ecs               measured          —            12s      measured · 12s
    stage.cloudwatch        measured          —            0s       measured · 0s
    stage.budgets           measured          —            7s       measured · 7s
    prod.vpc                measured          —            23s      measured · 23s
    prod.secrets            measured          —            8m 16s   measured · 8m 16s
    prod.rds                measured          —            8m 15s   measured · 8m 15s
    prod.alb                measured          —            3m 3s    measured · 3m 3s
    prod.ecs                measured          —            11s      measured · 11s
    prod.cloudwatch         measured          —            0s       measured · 0s
    prod.dnsrec             measured          —            30s      measured · 30s
    prod.budgets            measured          —            7s       measured · 7s
    perm.tfstate            —                 —            —        —
    perm.oidc               —                 —            —        —
    perm.ecr                —                 —            —        —
    perm.dns                —                 —            —        —
    perm.site               —                 —            —        —
    perm.selfservice        —                 —            —        —
    build.ecr               not measured here —            —        not measured here · its step is in Actions, not in a timelin
    stage.migrate           not measured here —            —        not measured here · its step is in Actions, not in a timelin
    suite.db.stage          passed            —            —        2 of 2
    suite.api.stage         passed            —            5.1s     52 of 52 · 5.1s
    suite.regression.stage  passed            —            8.0s     12 of 12 · 8.0s
    suite.smoke.stage       passed            —            0.6s     2 of 2 · 0.6s
    gate.human              not measured here —            —        not measured here · its step is in Actions, not in a timelin
    suite.db.prod           passed            —            —        2 of 2
    suite.smoke.prod        passed            —            1.6s     2 of 2 · 1.6s
    destroy.stage           measured          —            8m 10s   8m 10s
    destroy.prod            measured          —            7m 49s   7m 49s
    out.devbox              —                 —            —        —
    out.github              —                 —            —        —

2026-08-12 06:02:59Z  tab-held  CHANGED
    clocks    github 06:02:58 AM · bucket 06:02:57 AM
    budget    GitHub budget: 23 of 60 requests left this hour
    cadence   auto: bucket every 30 s — status and figures, the figures up to a minute behind the write; GitHub every 63 s (paced by the remaining budget)
    map       Generated from infra/ and tests/. At rest it shows the last cycle that finished, dated 2026-08-12; the map is on the page whether or not anything is running.180 tests are collected from the suites the
    verdict   all 8 succeeded · 1 still going
    prod.vpc                measured          PREVIOUS     23s      measured · these figures are from the cycle before this one 
        was: measured · — · 23s · measured · 23s
    prod.secrets            measured          PREVIOUS     8m 16s   measured · these figures are from the cycle before this one 
        was: measured · — · 8m 16s · measured · 8m 16s
    prod.rds                measured          PREVIOUS     8m 15s   measured · these figures are from the cycle before this one 
        was: measured · — · 8m 15s · measured · 8m 15s
    prod.alb                measured          PREVIOUS     3m 3s    measured · these figures are from the cycle before this one 
        was: measured · — · 3m 3s · measured · 3m 3s
    prod.ecs                measured          PREVIOUS     11s      measured · these figures are from the cycle before this one 
        was: measured · — · 11s · measured · 11s
    prod.cloudwatch         measured          PREVIOUS     0s       measured · these figures are from the cycle before this one 
        was: measured · — · 0s · measured · 0s
    prod.dnsrec             measured          PREVIOUS     30s      measured · these figures are from the cycle before this one 
        was: measured · — · 30s · measured · 30s
    prod.budgets            measured          PREVIOUS     7s       measured · these figures are from the cycle before this one 
        was: measured · — · 7s · measured · 7s
    gate.human              finished in this run—            —        finished in this run · its step is in Actions, not in a time
        was: not measured here · — · — · not measured here · its step is in Actions, not in a timelin
    suite.db.prod           passed            —            —        2 of 2 · from the previous run
        was: passed · — · — · 2 of 2
    suite.smoke.prod        passed            —            1.6s     2 of 2 · 1.6s · from the previous run
        was: passed · — · 1.6s · 2 of 2 · 1.6s
    destroy.prod            measured          PREVIOUS     7m 49s   these figures are from the cycle before this one · 7m 49s
        was: measured · — · 7m 49s · 7m 49s
    (22 of 34 nodes unchanged)

2026-08-12 06:05:00Z  tab-held  heartbeat
    clocks    github 06:04:29 AM · bucket 06:04:28 AM
    budget    GitHub budget: 49 of 60 requests left this hour
    cadence   auto: bucket every 30 s — status and figures, the figures up to a minute behind the write; GitHub every 46 s (paced by the remaining budget)
    map       Generated from infra/ and tests/. At rest it shows the last cycle that finished, dated 2026-08-12; the map is on the page whether or not anything is running.180 tests are collected from the suites the
    verdict   all 8 succeeded · 1 still going
    stage.vpc               measured          —            26s      measured · 26s
    stage.secrets           measured          —            8m 36s   measured · 8m 36s
    stage.rds               measured          —            8m 36s   measured · 8m 36s
    stage.alb               measured          —            3m 16s   measured · 3m 16s
    stage.ecs               measured          —            12s      measured · 12s
    stage.cloudwatch        measured          —            0s       measured · 0s
    stage.budgets           measured          —            7s       measured · 7s
    prod.vpc                measured          PREVIOUS     23s      measured · these figures are from the cycle before this one 
    prod.secrets            measured          PREVIOUS     8m 16s   measured · these figures are from the cycle before this one 
    prod.rds                measured          PREVIOUS     8m 15s   measured · these figures are from the cycle before this one 
    prod.alb                measured          PREVIOUS     3m 3s    measured · these figures are from the cycle before this one 
    prod.ecs                measured          PREVIOUS     11s      measured · these figures are from the cycle before this one 
    prod.cloudwatch         measured          PREVIOUS     0s       measured · these figures are from the cycle before this one 
    prod.dnsrec             measured          PREVIOUS     30s      measured · these figures are from the cycle before this one 
    prod.budgets            measured          PREVIOUS     7s       measured · these figures are from the cycle before this one 
    perm.tfstate            —                 —            —        —
    perm.oidc               —                 —            —        —
    perm.ecr                —                 —            —        —
    perm.dns                —                 —            —        —
    perm.site               —                 —            —        —
    perm.selfservice        —                 —            —        —
    build.ecr               not measured here —            —        not measured here · its step is in Actions, not in a timelin
    stage.migrate           not measured here —            —        not measured here · its step is in Actions, not in a timelin
    suite.db.stage          passed            —            —        2 of 2
    suite.api.stage         passed            —            5.1s     52 of 52 · 5.1s
    suite.regression.stage  passed            —            8.0s     12 of 12 · 8.0s
    suite.smoke.stage       passed            —            0.6s     2 of 2 · 0.6s
    gate.human              finished in this run—            —        finished in this run · its step is in Actions, not in a time
    suite.db.prod           passed            —            —        2 of 2 · from the previous run
    suite.smoke.prod        passed            —            1.6s     2 of 2 · 1.6s · from the previous run
    destroy.stage           measured          —            8m 10s   8m 10s
    destroy.prod            measured          PREVIOUS     7m 49s   these figures are from the cycle before this one · 7m 49s
    out.devbox              —                 —            —        —
    out.github              —                 —            —        —

2026-08-12 06:07:00Z  tab-held  heartbeat
    clocks    github 06:06:32 AM · bucket 06:06:31 AM
    budget    GitHub budget: 19 of 60 requests left this hour
    cadence   auto: bucket every 30 s — status and figures, the figures up to a minute behind the write; GitHub every 49 s (paced by the remaining budget)
    map       Generated from infra/ and tests/. At rest it shows the last cycle that finished, dated 2026-08-12; the map is on the page whether or not anything is running.180 tests are collected from the suites the
    verdict   all 8 succeeded · 1 still going
    stage.vpc               measured          —            26s      measured · 26s
    stage.secrets           measured          —            8m 36s   measured · 8m 36s
    stage.rds               measured          —            8m 36s   measured · 8m 36s
    stage.alb               measured          —            3m 16s   measured · 3m 16s
    stage.ecs               measured          —            12s      measured · 12s
    stage.cloudwatch        measured          —            0s       measured · 0s
    stage.budgets           measured          —            7s       measured · 7s
    prod.vpc                measured          PREVIOUS     23s      measured · these figures are from the cycle before this one 
    prod.secrets            measured          PREVIOUS     8m 16s   measured · these figures are from the cycle before this one 
    prod.rds                measured          PREVIOUS     8m 15s   measured · these figures are from the cycle before this one 
    prod.alb                measured          PREVIOUS     3m 3s    measured · these figures are from the cycle before this one 
    prod.ecs                measured          PREVIOUS     11s      measured · these figures are from the cycle before this one 
    prod.cloudwatch         measured          PREVIOUS     0s       measured · these figures are from the cycle before this one 
    prod.dnsrec             measured          PREVIOUS     30s      measured · these figures are from the cycle before this one 
    prod.budgets            measured          PREVIOUS     7s       measured · these figures are from the cycle before this one 
    perm.tfstate            —                 —            —        —
    perm.oidc               —                 —            —        —
    perm.ecr                —                 —            —        —
    perm.dns                —                 —            —        —
    perm.site               —                 —            —        —
    perm.selfservice        —                 —            —        —
    build.ecr               not measured here —            —        not measured here · its step is in Actions, not in a timelin
    stage.migrate           not measured here —            —        not measured here · its step is in Actions, not in a timelin
    suite.db.stage          passed            —            —        2 of 2
    suite.api.stage         passed            —            5.1s     52 of 52 · 5.1s
    suite.regression.stage  passed            —            8.0s     12 of 12 · 8.0s
    suite.smoke.stage       passed            —            0.6s     2 of 2 · 0.6s
    gate.human              finished in this run—            —        finished in this run · its step is in Actions, not in a time
    suite.db.prod           passed            —            —        2 of 2 · from the previous run
    suite.smoke.prod        passed            —            1.6s     2 of 2 · 1.6s · from the previous run
    destroy.stage           measured          —            8m 10s   8m 10s
    destroy.prod            measured          PREVIOUS     7m 49s   these figures are from the cycle before this one · 7m 49s
    out.devbox              —                 —            —        —
    out.github              —                 —            —        —

2026-08-12 06:09:00Z  tab-held  heartbeat
    clocks    github 06:08:34 AM · bucket 06:08:33 AM
    budget    GitHub budget: 47 of 60 requests left this hour
    cadence   auto: bucket every 30 s — status and figures, the figures up to a minute behind the write; GitHub every 36 s (paced by the remaining budget)
    map       Generated from infra/ and tests/. At rest it shows the last cycle that finished, dated 2026-08-12; the map is on the page whether or not anything is running.180 tests are collected from the suites the
    verdict   all 8 succeeded · 1 still going
    stage.vpc               measured          —            26s      measured · 26s
    stage.secrets           measured          —            8m 36s   measured · 8m 36s
    stage.rds               measured          —            8m 36s   measured · 8m 36s
    stage.alb               measured          —            3m 16s   measured · 3m 16s
    stage.ecs               measured          —            12s      measured · 12s
    stage.cloudwatch        measured          —            0s       measured · 0s
    stage.budgets           measured          —            7s       measured · 7s
    prod.vpc                measured          PREVIOUS     23s      measured · these figures are from the cycle before this one 
    prod.secrets            measured          PREVIOUS     8m 16s   measured · these figures are from the cycle before this one 
    prod.rds                measured          PREVIOUS     8m 15s   measured · these figures are from the cycle before this one 
    prod.alb                measured          PREVIOUS     3m 3s    measured · these figures are from the cycle before this one 
    prod.ecs                measured          PREVIOUS     11s      measured · these figures are from the cycle before this one 
    prod.cloudwatch         measured          PREVIOUS     0s       measured · these figures are from the cycle before this one 
    prod.dnsrec             measured          PREVIOUS     30s      measured · these figures are from the cycle before this one 
    prod.budgets            measured          PREVIOUS     7s       measured · these figures are from the cycle before this one 
    perm.tfstate            —                 —            —        —
    perm.oidc               —                 —            —        —
    perm.ecr                —                 —            —        —
    perm.dns                —                 —            —        —
    perm.site               —                 —            —        —
    perm.selfservice        —                 —            —        —
    build.ecr               not measured here —            —        not measured here · its step is in Actions, not in a timelin
    stage.migrate           not measured here —            —        not measured here · its step is in Actions, not in a timelin
    suite.db.stage          passed            —            —        2 of 2
    suite.api.stage         passed            —            5.1s     52 of 52 · 5.1s
    suite.regression.stage  passed            —            8.0s     12 of 12 · 8.0s
    suite.smoke.stage       passed            —            0.6s     2 of 2 · 0.6s
    gate.human              finished in this run—            —        finished in this run · its step is in Actions, not in a time
    suite.db.prod           passed            —            —        2 of 2 · from the previous run
    suite.smoke.prod        passed            —            1.6s     2 of 2 · 1.6s · from the previous run
    destroy.stage           measured          —            8m 10s   8m 10s
    destroy.prod            measured          PREVIOUS     7m 49s   these figures are from the cycle before this one · 7m 49s
    out.devbox              —                 —            —        —
    out.github              —                 —            —        —

2026-08-12 06:11:00Z  tab-held  heartbeat
    clocks    github 06:10:37 AM · bucket 06:10:36 AM
    budget    GitHub budget: 13 of 60 requests left this hour
    cadence   auto: bucket every 30 s — status and figures, the figures up to a minute behind the write; GitHub every 30 s (paced by the remaining budget)
    map       Generated from infra/ and tests/. At rest it shows the last cycle that finished, dated 2026-08-12; the map is on the page whether or not anything is running.180 tests are collected from the suites the
    verdict   all 8 succeeded · 1 still going
    stage.vpc               measured          —            26s      measured · 26s
    stage.secrets           measured          —            8m 36s   measured · 8m 36s
    stage.rds               measured          —            8m 36s   measured · 8m 36s
    stage.alb               measured          —            3m 16s   measured · 3m 16s
    stage.ecs               measured          —            12s      measured · 12s
    stage.cloudwatch        measured          —            0s       measured · 0s
    stage.budgets           measured          —            7s       measured · 7s
    prod.vpc                measured          PREVIOUS     23s      measured · these figures are from the cycle before this one 
    prod.secrets            measured          PREVIOUS     8m 16s   measured · these figures are from the cycle before this one 
    prod.rds                measured          PREVIOUS     8m 15s   measured · these figures are from the cycle before this one 
    prod.alb                measured          PREVIOUS     3m 3s    measured · these figures are from the cycle before this one 
    prod.ecs                measured          PREVIOUS     11s      measured · these figures are from the cycle before this one 
    prod.cloudwatch         measured          PREVIOUS     0s       measured · these figures are from the cycle before this one 
    prod.dnsrec             measured          PREVIOUS     30s      measured · these figures are from the cycle before this one 
    prod.budgets            measured          PREVIOUS     7s       measured · these figures are from the cycle before this one 
    perm.tfstate            —                 —            —        —
    perm.oidc               —                 —            —        —
    perm.ecr                —                 —            —        —
    perm.dns                —                 —            —        —
    perm.site               —                 —            —        —
    perm.selfservice        —                 —            —        —
    build.ecr               not measured here —            —        not measured here · its step is in Actions, not in a timelin
    stage.migrate           not measured here —            —        not measured here · its step is in Actions, not in a timelin
    suite.db.stage          passed            —            —        2 of 2
    suite.api.stage         passed            —            5.1s     52 of 52 · 5.1s
    suite.regression.stage  passed            —            8.0s     12 of 12 · 8.0s
    suite.smoke.stage       passed            —            0.6s     2 of 2 · 0.6s
    gate.human              finished in this run—            —        finished in this run · its step is in Actions, not in a time
    suite.db.prod           passed            —            —        2 of 2 · from the previous run
    suite.smoke.prod        passed            —            1.6s     2 of 2 · 1.6s · from the previous run
    destroy.stage           measured          —            8m 10s   8m 10s
    destroy.prod            measured          PREVIOUS     7m 49s   these figures are from the cycle before this one · 7m 49s
    out.devbox              —                 —            —        —
    out.github              —                 —            —        —

2026-08-12 06:13:01Z  tab-held  heartbeat
    clocks    github 06:12:39 AM · bucket 06:12:38 AM
    budget    GitHub budget: 58 of 60 requests left this hour
    cadence   auto: bucket every 30 s — status and figures, the figures up to a minute behind the write; GitHub every 138 s (paced by the remaining budget)
    map       Generated from infra/ and tests/. At rest it shows the last cycle that finished, dated 2026-08-12; the map is on the page whether or not anything is running.180 tests are collected from the suites the
    verdict   all 8 succeeded · 1 still going
    stage.vpc               measured          —            26s      measured · 26s
    stage.secrets           measured          —            8m 36s   measured · 8m 36s
    stage.rds               measured          —            8m 36s   measured · 8m 36s
    stage.alb               measured          —            3m 16s   measured · 3m 16s
    stage.ecs               measured          —            12s      measured · 12s
    stage.cloudwatch        measured          —            0s       measured · 0s
    stage.budgets           measured          —            7s       measured · 7s
    prod.vpc                measured          PREVIOUS     23s      measured · these figures are from the cycle before this one 
    prod.secrets            measured          PREVIOUS     8m 16s   measured · these figures are from the cycle before this one 
    prod.rds                measured          PREVIOUS     8m 15s   measured · these figures are from the cycle before this one 
    prod.alb                measured          PREVIOUS     3m 3s    measured · these figures are from the cycle before this one 
    prod.ecs                measured          PREVIOUS     11s      measured · these figures are from the cycle before this one 
    prod.cloudwatch         measured          PREVIOUS     0s       measured · these figures are from the cycle before this one 
    prod.dnsrec             measured          PREVIOUS     30s      measured · these figures are from the cycle before this one 
    prod.budgets            measured          PREVIOUS     7s       measured · these figures are from the cycle before this one 
    perm.tfstate            —                 —            —        —
    perm.oidc               —                 —            —        —
    perm.ecr                —                 —            —        —
    perm.dns                —                 —            —        —
    perm.site               —                 —            —        —
    perm.selfservice        —                 —            —        —
    build.ecr               not measured here —            —        not measured here · its step is in Actions, not in a timelin
    stage.migrate           not measured here —            —        not measured here · its step is in Actions, not in a timelin
    suite.db.stage          passed            —            —        2 of 2
    suite.api.stage         passed            —            5.1s     52 of 52 · 5.1s
    suite.regression.stage  passed            —            8.0s     12 of 12 · 8.0s
    suite.smoke.stage       passed            —            0.6s     2 of 2 · 0.6s
    gate.human              finished in this run—            —        finished in this run · its step is in Actions, not in a time
    suite.db.prod           passed            —            —        2 of 2 · from the previous run
    suite.smoke.prod        passed            —            1.6s     2 of 2 · 1.6s · from the previous run
    destroy.stage           measured          —            8m 10s   8m 10s
    destroy.prod            measured          PREVIOUS     7m 49s   these figures are from the cycle before this one · 7m 49s
    out.devbox              —                 —            —        —
    out.github              —                 —            —        —

2026-08-12 06:15:01Z  tab-held  heartbeat
    clocks    github 06:12:39 AM · bucket 06:14:40 AM
    budget    GitHub budget: 58 of 60 requests left this hour
    cadence   auto: bucket every 30 s — status and figures, the figures up to a minute behind the write; GitHub every 134 s (paced by the remaining budget)
    map       Generated from infra/ and tests/. At rest it shows the last cycle that finished, dated 2026-08-12; the map is on the page whether or not anything is running.180 tests are collected from the suites the
    verdict   all 8 succeeded · 1 still going
    stage.vpc               measured          —            26s      measured · 26s
    stage.secrets           measured          —            8m 36s   measured · 8m 36s
    stage.rds               measured          —            8m 36s   measured · 8m 36s
    stage.alb               measured          —            3m 16s   measured · 3m 16s
    stage.ecs               measured          —            12s      measured · 12s
    stage.cloudwatch        measured          —            0s       measured · 0s
    stage.budgets           measured          —            7s       measured · 7s
    prod.vpc                measured          PREVIOUS     23s      measured · these figures are from the cycle before this one 
    prod.secrets            measured          PREVIOUS     8m 16s   measured · these figures are from the cycle before this one 
    prod.rds                measured          PREVIOUS     8m 15s   measured · these figures are from the cycle before this one 
    prod.alb                measured          PREVIOUS     3m 3s    measured · these figures are from the cycle before this one 
    prod.ecs                measured          PREVIOUS     11s      measured · these figures are from the cycle before this one 
    prod.cloudwatch         measured          PREVIOUS     0s       measured · these figures are from the cycle before this one 
    prod.dnsrec             measured          PREVIOUS     30s      measured · these figures are from the cycle before this one 
    prod.budgets            measured          PREVIOUS     7s       measured · these figures are from the cycle before this one 
    perm.tfstate            —                 —            —        —
    perm.oidc               —                 —            —        —
    perm.ecr                —                 —            —        —
    perm.dns                —                 —            —        —
    perm.site               —                 —            —        —
    perm.selfservice        —                 —            —        —
    build.ecr               not measured here —            —        not measured here · its step is in Actions, not in a timelin
    stage.migrate           not measured here —            —        not measured here · its step is in Actions, not in a timelin
    suite.db.stage          passed            —            —        2 of 2
    suite.api.stage         passed            —            5.1s     52 of 52 · 5.1s
    suite.regression.stage  passed            —            8.0s     12 of 12 · 8.0s
    suite.smoke.stage       passed            —            0.6s     2 of 2 · 0.6s
    gate.human              finished in this run—            —        finished in this run · its step is in Actions, not in a time
    suite.db.prod           passed            —            —        2 of 2 · from the previous run
    suite.smoke.prod        passed            —            1.6s     2 of 2 · 1.6s · from the previous run
    destroy.stage           measured          —            8m 10s   8m 10s
    destroy.prod            measured          PREVIOUS     7m 49s   these figures are from the cycle before this one · 7m 49s
    out.devbox              —                 —            —        —
    out.github              —                 —            —        —

2026-08-12 06:15:16Z  tab-held  CHANGED
    clocks    github 06:15:11 AM · bucket 06:15:10 AM
    budget    GitHub budget: 56 of 60 requests left this hour
    cadence   auto: bucket every 30 s — status and figures, the figures up to a minute behind the write; GitHub every 138 s (paced by the remaining budget)
    map       Generated from infra/ and tests/. At rest it shows the last cycle that finished, dated 2026-08-12; the map is on the page whether or not anything is running.180 tests are collected from the suites the
    verdict   all 8 succeeded · 1 still going
    suite.db.prod           running now       —            —        running now · its report arrives when the step ends
        was: passed · — · — · 2 of 2 · from the previous run
    suite.smoke.prod        passed            —            1.6s     passed · 2 of 2 · 1.6s · from the previous run
        was: passed · — · 1.6s · 2 of 2 · 1.6s · from the previous run
    (32 of 34 nodes unchanged)

2026-08-12 06:17:17Z  tab-held  heartbeat
    clocks    github 06:15:11 AM · bucket 06:17:12 AM
    budget    GitHub budget: 56 of 60 requests left this hour
    cadence   auto: bucket every 30 s — status and figures, the figures up to a minute behind the write; GitHub every 133 s (paced by the remaining budget)
    map       Generated from infra/ and tests/. At rest it shows the last cycle that finished, dated 2026-08-12; the map is on the page whether or not anything is running.180 tests are collected from the suites the
    verdict   all 8 succeeded · 1 still going
    stage.vpc               measured          —            26s      measured · 26s
    stage.secrets           measured          —            8m 36s   measured · 8m 36s
    stage.rds               measured          —            8m 36s   measured · 8m 36s
    stage.alb               measured          —            3m 16s   measured · 3m 16s
    stage.ecs               measured          —            12s      measured · 12s
    stage.cloudwatch        measured          —            0s       measured · 0s
    stage.budgets           measured          —            7s       measured · 7s
    prod.vpc                measured          PREVIOUS     23s      measured · these figures are from the cycle before this one 
    prod.secrets            measured          PREVIOUS     8m 16s   measured · these figures are from the cycle before this one 
    prod.rds                measured          PREVIOUS     8m 15s   measured · these figures are from the cycle before this one 
    prod.alb                measured          PREVIOUS     3m 3s    measured · these figures are from the cycle before this one 
    prod.ecs                measured          PREVIOUS     11s      measured · these figures are from the cycle before this one 
    prod.cloudwatch         measured          PREVIOUS     0s       measured · these figures are from the cycle before this one 
    prod.dnsrec             measured          PREVIOUS     30s      measured · these figures are from the cycle before this one 
    prod.budgets            measured          PREVIOUS     7s       measured · these figures are from the cycle before this one 
    perm.tfstate            —                 —            —        —
    perm.oidc               —                 —            —        —
    perm.ecr                —                 —            —        —
    perm.dns                —                 —            —        —
    perm.site               —                 —            —        —
    perm.selfservice        —                 —            —        —
    build.ecr               not measured here —            —        not measured here · its step is in Actions, not in a timelin
    stage.migrate           not measured here —            —        not measured here · its step is in Actions, not in a timelin
    suite.db.stage          passed            —            —        2 of 2
    suite.api.stage         passed            —            5.1s     52 of 52 · 5.1s
    suite.regression.stage  passed            —            8.0s     12 of 12 · 8.0s
    suite.smoke.stage       passed            —            0.6s     2 of 2 · 0.6s
    gate.human              finished in this run—            —        finished in this run · its step is in Actions, not in a time
    suite.db.prod           running now       —            —        running now · its report arrives when the step ends
    suite.smoke.prod        passed            —            1.6s     passed · 2 of 2 · 1.6s · from the previous run
    destroy.stage           measured          —            8m 10s   8m 10s
    destroy.prod            measured          PREVIOUS     7m 49s   these figures are from the cycle before this one · 7m 49s
    out.devbox              —                 —            —        —
    out.github              —                 —            —        —

2026-08-12 06:17:47Z  tab-held  CHANGED
    clocks    github 06:17:43 AM · bucket 06:17:42 AM
    budget    GitHub budget: 54 of 60 requests left this hour
    cadence   auto: bucket every 30 s — status and figures, the figures up to a minute behind the write; GitHub every 137 s (paced by the remaining budget)
    map       Generated from infra/ and tests/. At rest it shows the last cycle that finished, dated 2026-08-12; the map is on the page whether or not anything is running.180 tests are collected from the suites the
    verdict   all 8 succeeded · 1 still going
    suite.db.prod           passed            —            —        2 of 2 · from the previous run
        was: running now · — · — · running now · its report arrives when the step ends
    suite.smoke.prod        passed            —            1.6s     2 of 2 · 1.6s · from the previous run
        was: passed · — · 1.6s · passed · 2 of 2 · 1.6s · from the previous run
    (32 of 34 nodes unchanged)

2026-08-12 06:18:47Z  tab-held  CHANGED
    clocks    github 06:17:43 AM · bucket 06:18:43 AM
    budget    GitHub budget: 54 of 60 requests left this hour
    cadence   auto: bucket every 30 s — status and figures, the figures up to a minute behind the write; GitHub every 135 s (paced by the remaining budget)
    map       Generated from infra/ and tests/. At rest it shows the last cycle that finished, dated 2026-08-12; the map is on the page whether or not anything is running.180 tests are collected from the suites the
    verdict   all 8 succeeded · 1 still going
    prod.vpc                measured          under-way    26s      measured · these figures are from the cycle under way · 26s
        was: measured · PREVIOUS · 23s · measured · these figures are from the cycle before this one 
    prod.secrets            measured          under-way    8m 39s   measured · these figures are from the cycle under way · 8m 3
        was: measured · PREVIOUS · 8m 16s · measured · these figures are from the cycle before this one 
    prod.rds                measured          under-way    8m 38s   measured · these figures are from the cycle under way · 8m 3
        was: measured · PREVIOUS · 8m 15s · measured · these figures are from the cycle before this one 
    prod.alb                measured          under-way    3m 16s   measured · these figures are from the cycle under way · 3m 1
        was: measured · PREVIOUS · 3m 3s · measured · these figures are from the cycle before this one 
    prod.ecs                measured          under-way    11s      measured · these figures are from the cycle under way · 11s
        was: measured · PREVIOUS · 11s · measured · these figures are from the cycle before this one 
    prod.cloudwatch         measured          under-way    1s       measured · these figures are from the cycle under way · 1s
        was: measured · PREVIOUS · 0s · measured · these figures are from the cycle before this one 
    prod.dnsrec             measured          under-way    31s      measured · these figures are from the cycle under way · 31s
        was: measured · PREVIOUS · 30s · measured · these figures are from the cycle before this one 
    prod.budgets            measured          under-way    8s       measured · these figures are from the cycle under way · 8s
        was: measured · PREVIOUS · 7s · measured · these figures are from the cycle before this one 
    suite.db.prod           passed            —            —        2 of 2
        was: passed · — · — · 2 of 2 · from the previous run
    suite.smoke.prod        passed            —            1.1s     2 of 2 · 1.1s
        was: passed · — · 1.6s · 2 of 2 · 1.6s · from the previous run
    (24 of 34 nodes unchanged)

2026-08-12 06:20:17Z  tab-held  CHANGED
    clocks    github 06:20:14 AM · bucket 06:20:13 AM
    budget    GitHub budget: 52 of 60 requests left this hour
    cadence   auto: bucket every 30 s — status and figures, the figures up to a minute behind the write; GitHub every 137 s (paced by the remaining budget)
    map       Generated from infra/ and tests/. At rest it shows the last cycle that finished, dated 2026-08-12; the map is on the page whether or not anything is running.180 tests are collected from the suites the
    verdict   all 8 succeeded · 1 still going
    prod.vpc                measured          PREVIOUS     26s      measured · these figures are from the cycle before this one 
        was: measured · under-way · 26s · measured · these figures are from the cycle under way · 26s
    prod.secrets            measured          PREVIOUS     8m 39s   measured · these figures are from the cycle before this one 
        was: measured · under-way · 8m 39s · measured · these figures are from the cycle under way · 8m 3
    prod.rds                measured          PREVIOUS     8m 38s   measured · these figures are from the cycle before this one 
        was: measured · under-way · 8m 38s · measured · these figures are from the cycle under way · 8m 3
    prod.alb                measured          PREVIOUS     3m 16s   measured · these figures are from the cycle before this one 
        was: measured · under-way · 3m 16s · measured · these figures are from the cycle under way · 3m 1
    prod.ecs                measured          PREVIOUS     11s      measured · these figures are from the cycle before this one 
        was: measured · under-way · 11s · measured · these figures are from the cycle under way · 11s
    prod.cloudwatch         measured          PREVIOUS     1s       measured · these figures are from the cycle before this one 
        was: measured · under-way · 1s · measured · these figures are from the cycle under way · 1s
    prod.dnsrec             measured          PREVIOUS     31s      measured · these figures are from the cycle before this one 
        was: measured · under-way · 31s · measured · these figures are from the cycle under way · 31s
    prod.budgets            measured          PREVIOUS     8s       measured · these figures are from the cycle before this one 
        was: measured · under-way · 8s · measured · these figures are from the cycle under way · 8s
    gate.human              not measured here —            —        not measured here · its step is in Actions, not in a timelin
        was: finished in this run · — · — · finished in this run · its step is in Actions, not in a time
    suite.db.prod           passed            —            —        2 of 2 · from the previous run
        was: passed · — · — · 2 of 2
    suite.smoke.prod        passed            —            1.1s     2 of 2 · 1.1s · from the previous run
        was: passed · — · 1.1s · 2 of 2 · 1.1s
    (23 of 34 nodes unchanged)

2026-08-12 06:22:17Z  tab-held  heartbeat
    clocks    github 06:20:14 AM · bucket 06:22:15 AM
    budget    GitHub budget: 52 of 60 requests left this hour
    cadence   auto: bucket every 30 s — status and figures, the figures up to a minute behind the write; GitHub every 131 s (paced by the remaining budget)
    map       Generated from infra/ and tests/. At rest it shows the last cycle that finished, dated 2026-08-12; the map is on the page whether or not anything is running.180 tests are collected from the suites the
    verdict   all 8 succeeded · 1 still going
    stage.vpc               measured          —            26s      measured · 26s
    stage.secrets           measured          —            8m 36s   measured · 8m 36s
    stage.rds               measured          —            8m 36s   measured · 8m 36s
    stage.alb               measured          —            3m 16s   measured · 3m 16s
    stage.ecs               measured          —            12s      measured · 12s
    stage.cloudwatch        measured          —            0s       measured · 0s
    stage.budgets           measured          —            7s       measured · 7s
    prod.vpc                measured          PREVIOUS     26s      measured · these figures are from the cycle before this one 
    prod.secrets            measured          PREVIOUS     8m 39s   measured · these figures are from the cycle before this one 
    prod.rds                measured          PREVIOUS     8m 38s   measured · these figures are from the cycle before this one 
    prod.alb                measured          PREVIOUS     3m 16s   measured · these figures are from the cycle before this one 
    prod.ecs                measured          PREVIOUS     11s      measured · these figures are from the cycle before this one 
    prod.cloudwatch         measured          PREVIOUS     1s       measured · these figures are from the cycle before this one 
    prod.dnsrec             measured          PREVIOUS     31s      measured · these figures are from the cycle before this one 
    prod.budgets            measured          PREVIOUS     8s       measured · these figures are from the cycle before this one 
    perm.tfstate            —                 —            —        —
    perm.oidc               —                 —            —        —
    perm.ecr                —                 —            —        —
    perm.dns                —                 —            —        —
    perm.site               —                 —            —        —
    perm.selfservice        —                 —            —        —
    build.ecr               not measured here —            —        not measured here · its step is in Actions, not in a timelin
    stage.migrate           not measured here —            —        not measured here · its step is in Actions, not in a timelin
    suite.db.stage          passed            —            —        2 of 2
    suite.api.stage         passed            —            5.1s     52 of 52 · 5.1s
    suite.regression.stage  passed            —            8.0s     12 of 12 · 8.0s
    suite.smoke.stage       passed            —            0.6s     2 of 2 · 0.6s
    gate.human              not measured here —            —        not measured here · its step is in Actions, not in a timelin
    suite.db.prod           passed            —            —        2 of 2 · from the previous run
    suite.smoke.prod        passed            —            1.1s     2 of 2 · 1.1s · from the previous run
    destroy.stage           measured          —            8m 10s   8m 10s
    destroy.prod            measured          PREVIOUS     7m 49s   these figures are from the cycle before this one · 7m 49s
    out.devbox              —                 —            —        —
    out.github              —                 —            —        —

2026-08-12 06:22:48Z  tab-held  CHANGED
    clocks    github 06:22:46 AM · bucket 06:22:45 AM
    budget    GitHub budget: 50 of 60 requests left this hour
    cadence   auto: bucket every 30 s — status and figures, the figures up to a minute behind the write; GitHub every 136 s (paced by the remaining budget)
    map       Generated from infra/ and tests/. At rest it shows the last cycle that finished, dated 2026-08-12; the map is on the page whether or not anything is running.180 tests are collected from the suites the
    verdict   all 8 succeeded · 1 still going
    destroy.stage           measured          —            8m 10s   measured · 8m 10s
        was: measured · — · 8m 10s · 8m 10s
    destroy.prod            its phase is running—            —        its phase is running · which node is unknown
        was: measured · PREVIOUS · 7m 49s · these figures are from the cycle before this one · 7m 49s
    (32 of 34 nodes unchanged)

2026-08-12 06:24:48Z  tab-held  heartbeat
    clocks    github 06:22:46 AM · bucket 06:24:46 AM
    budget    GitHub budget: 50 of 60 requests left this hour
    cadence   auto: bucket every 30 s — status and figures, the figures up to a minute behind the write; GitHub every 131 s (paced by the remaining budget)
    map       Generated from infra/ and tests/. At rest it shows the last cycle that finished, dated 2026-08-12; the map is on the page whether or not anything is running.180 tests are collected from the suites the
    verdict   all 8 succeeded · 1 still going
    stage.vpc               measured          —            26s      measured · 26s
    stage.secrets           measured          —            8m 36s   measured · 8m 36s
    stage.rds               measured          —            8m 36s   measured · 8m 36s
    stage.alb               measured          —            3m 16s   measured · 3m 16s
    stage.ecs               measured          —            12s      measured · 12s
    stage.cloudwatch        measured          —            0s       measured · 0s
    stage.budgets           measured          —            7s       measured · 7s
    prod.vpc                measured          PREVIOUS     26s      measured · these figures are from the cycle before this one 
    prod.secrets            measured          PREVIOUS     8m 39s   measured · these figures are from the cycle before this one 
    prod.rds                measured          PREVIOUS     8m 38s   measured · these figures are from the cycle before this one 
    prod.alb                measured          PREVIOUS     3m 16s   measured · these figures are from the cycle before this one 
    prod.ecs                measured          PREVIOUS     11s      measured · these figures are from the cycle before this one 
    prod.cloudwatch         measured          PREVIOUS     1s       measured · these figures are from the cycle before this one 
    prod.dnsrec             measured          PREVIOUS     31s      measured · these figures are from the cycle before this one 
    prod.budgets            measured          PREVIOUS     8s       measured · these figures are from the cycle before this one 
    perm.tfstate            —                 —            —        —
    perm.oidc               —                 —            —        —
    perm.ecr                —                 —            —        —
    perm.dns                —                 —            —        —
    perm.site               —                 —            —        —
    perm.selfservice        —                 —            —        —
    build.ecr               not measured here —            —        not measured here · its step is in Actions, not in a timelin
    stage.migrate           not measured here —            —        not measured here · its step is in Actions, not in a timelin
    suite.db.stage          passed            —            —        2 of 2
    suite.api.stage         passed            —            5.1s     52 of 52 · 5.1s
    suite.regression.stage  passed            —            8.0s     12 of 12 · 8.0s
    suite.smoke.stage       passed            —            0.6s     2 of 2 · 0.6s
    gate.human              not measured here —            —        not measured here · its step is in Actions, not in a timelin
    suite.db.prod           passed            —            —        2 of 2 · from the previous run
    suite.smoke.prod        passed            —            1.1s     2 of 2 · 1.1s · from the previous run
    destroy.stage           measured          —            8m 10s   measured · 8m 10s
    destroy.prod            its phase is running—            —        its phase is running · which node is unknown
    out.devbox              —                 —            —        —
    out.github              —                 —            —        —

2026-08-12 06:26:48Z  tab-held  heartbeat
    clocks    github 06:25:17 AM · bucket 06:26:48 AM
    budget    GitHub budget: 48 of 60 requests left this hour
    cadence   auto: bucket every 30 s — status and figures, the figures up to a minute behind the write; GitHub every 131 s (paced by the remaining budget)
    map       Generated from infra/ and tests/. At rest it shows the last cycle that finished, dated 2026-08-12; the map is on the page whether or not anything is running.180 tests are collected from the suites the
    verdict   all 8 succeeded · 1 still going
    stage.vpc               measured          —            26s      measured · 26s
    stage.secrets           measured          —            8m 36s   measured · 8m 36s
    stage.rds               measured          —            8m 36s   measured · 8m 36s
    stage.alb               measured          —            3m 16s   measured · 3m 16s
    stage.ecs               measured          —            12s      measured · 12s
    stage.cloudwatch        measured          —            0s       measured · 0s
    stage.budgets           measured          —            7s       measured · 7s
    prod.vpc                measured          PREVIOUS     26s      measured · these figures are from the cycle before this one 
    prod.secrets            measured          PREVIOUS     8m 39s   measured · these figures are from the cycle before this one 
    prod.rds                measured          PREVIOUS     8m 38s   measured · these figures are from the cycle before this one 
    prod.alb                measured          PREVIOUS     3m 16s   measured · these figures are from the cycle before this one 
    prod.ecs                measured          PREVIOUS     11s      measured · these figures are from the cycle before this one 
    prod.cloudwatch         measured          PREVIOUS     1s       measured · these figures are from the cycle before this one 
    prod.dnsrec             measured          PREVIOUS     31s      measured · these figures are from the cycle before this one 
    prod.budgets            measured          PREVIOUS     8s       measured · these figures are from the cycle before this one 
    perm.tfstate            —                 —            —        —
    perm.oidc               —                 —            —        —
    perm.ecr                —                 —            —        —
    perm.dns                —                 —            —        —
    perm.site               —                 —            —        —
    perm.selfservice        —                 —            —        —
    build.ecr               not measured here —            —        not measured here · its step is in Actions, not in a timelin
    stage.migrate           not measured here —            —        not measured here · its step is in Actions, not in a timelin
    suite.db.stage          passed            —            —        2 of 2
    suite.api.stage         passed            —            5.1s     52 of 52 · 5.1s
    suite.regression.stage  passed            —            8.0s     12 of 12 · 8.0s
    suite.smoke.stage       passed            —            0.6s     2 of 2 · 0.6s
    gate.human              not measured here —            —        not measured here · its step is in Actions, not in a timelin
    suite.db.prod           passed            —            —        2 of 2 · from the previous run
    suite.smoke.prod        passed            —            1.1s     2 of 2 · 1.1s · from the previous run
    destroy.stage           measured          —            8m 10s   measured · 8m 10s
    destroy.prod            its phase is running—            —        its phase is running · which node is unknown
    out.devbox              —                 —            —        —
    out.github              —                 —            —        —

2026-08-12 06:28:48Z  tab-held  heartbeat
    clocks    github 06:27:49 AM · bucket 06:28:19 AM
    budget    GitHub budget: 46 of 60 requests left this hour
    cadence   auto: bucket every 30 s — status and figures, the figures up to a minute behind the write; GitHub every 133 s (paced by the remaining budget)
    map       Generated from infra/ and tests/. At rest it shows the last cycle that finished, dated 2026-08-12; the map is on the page whether or not anything is running.180 tests are collected from the suites the
    verdict   all 8 succeeded · 1 still going
    stage.vpc               measured          —            26s      measured · 26s
    stage.secrets           measured          —            8m 36s   measured · 8m 36s
    stage.rds               measured          —            8m 36s   measured · 8m 36s
    stage.alb               measured          —            3m 16s   measured · 3m 16s
    stage.ecs               measured          —            12s      measured · 12s
    stage.cloudwatch        measured          —            0s       measured · 0s
    stage.budgets           measured          —            7s       measured · 7s
    prod.vpc                measured          PREVIOUS     26s      measured · these figures are from the cycle before this one 
    prod.secrets            measured          PREVIOUS     8m 39s   measured · these figures are from the cycle before this one 
    prod.rds                measured          PREVIOUS     8m 38s   measured · these figures are from the cycle before this one 
    prod.alb                measured          PREVIOUS     3m 16s   measured · these figures are from the cycle before this one 
    prod.ecs                measured          PREVIOUS     11s      measured · these figures are from the cycle before this one 
    prod.cloudwatch         measured          PREVIOUS     1s       measured · these figures are from the cycle before this one 
    prod.dnsrec             measured          PREVIOUS     31s      measured · these figures are from the cycle before this one 
    prod.budgets            measured          PREVIOUS     8s       measured · these figures are from the cycle before this one 
    perm.tfstate            —                 —            —        —
    perm.oidc               —                 —            —        —
    perm.ecr                —                 —            —        —
    perm.dns                —                 —            —        —
    perm.site               —                 —            —        —
    perm.selfservice        —                 —            —        —
    build.ecr               not measured here —            —        not measured here · its step is in Actions, not in a timelin
    stage.migrate           not measured here —            —        not measured here · its step is in Actions, not in a timelin
    suite.db.stage          passed            —            —        2 of 2
    suite.api.stage         passed            —            5.1s     52 of 52 · 5.1s
    suite.regression.stage  passed            —            8.0s     12 of 12 · 8.0s
    suite.smoke.stage       passed            —            0.6s     2 of 2 · 0.6s
    gate.human              not measured here —            —        not measured here · its step is in Actions, not in a timelin
    suite.db.prod           passed            —            —        2 of 2 · from the previous run
    suite.smoke.prod        passed            —            1.1s     2 of 2 · 1.1s · from the previous run
    destroy.stage           measured          —            8m 10s   measured · 8m 10s
    destroy.prod            its phase is running—            —        its phase is running · which node is unknown
    out.devbox              —                 —            —        —
    out.github              —                 —            —        —

2026-08-12 06:30:24Z  tab-held  CHANGED
    clocks    github 06:30:20 AM · bucket 06:30:19 AM
    budget    GitHub budget: 58 of 60 requests left this hour
    cadence   auto: bucket every 30 s — status and figures, the figures up to a minute behind the write; GitHub every 69 s
    map       Generated from infra/ and tests/. At rest it shows the last cycle that finished, dated 2026-08-12; the map is on the page whether or not anything is running.180 tests are collected from the suites the
    verdict   all 9 succeeded
    prod.vpc                destroyed         ended        26s      destroyed · these figures are from the cycle that ended · 26
        was: measured · PREVIOUS · 26s · measured · these figures are from the cycle before this one 
    prod.secrets            destroyed         ended        8m 39s   destroyed · these figures are from the cycle that ended · 8m
        was: measured · PREVIOUS · 8m 39s · measured · these figures are from the cycle before this one 
    prod.rds                destroyed         ended        8m 38s   destroyed · these figures are from the cycle that ended · 8m
        was: measured · PREVIOUS · 8m 38s · measured · these figures are from the cycle before this one 
    prod.alb                destroyed         ended        3m 16s   destroyed · these figures are from the cycle that ended · 3m
        was: measured · PREVIOUS · 3m 16s · measured · these figures are from the cycle before this one 
    prod.ecs                destroyed         ended        11s      destroyed · these figures are from the cycle that ended · 11
        was: measured · PREVIOUS · 11s · measured · these figures are from the cycle before this one 
    prod.cloudwatch         destroyed         ended        1s       destroyed · these figures are from the cycle that ended · 1s
        was: measured · PREVIOUS · 1s · measured · these figures are from the cycle before this one 
    prod.dnsrec             destroyed         ended        31s      destroyed · these figures are from the cycle that ended · 31
        was: measured · PREVIOUS · 31s · measured · these figures are from the cycle before this one 
    prod.budgets            destroyed         ended        8s       destroyed · these figures are from the cycle that ended · 8s
        was: measured · PREVIOUS · 8s · measured · these figures are from the cycle before this one 
    suite.db.prod           passed            —            —        2 of 2
        was: passed · — · — · 2 of 2 · from the previous run
    suite.smoke.prod        passed            —            1.1s     2 of 2 · 1.1s
        was: passed · — · 1.1s · 2 of 2 · 1.1s · from the previous run
    destroy.stage           measured          —            8m 10s   8m 10s
        was: measured · — · 8m 10s · measured · 8m 10s
    destroy.prod            measured          —            7m 49s   7m 49s
        was: its phase is running · — · — · its phase is running · which node is unknown
    (22 of 34 nodes unchanged)

2026-08-12 06:30:54Z  tab-held  CHANGED
    clocks    github 06:30:20 AM · bucket 06:30:51 AM
    budget    GitHub budget: 58 of 60 requests left this hour
    cadence   auto: bucket every 30 s — status and figures, the figures up to a minute behind the write; GitHub every 69 s
    map       Generated from infra/ and tests/. At rest it shows the last cycle that finished, dated 2026-08-12; the map is on the page whether or not anything is running.180 tests are collected from the suites the
    verdict   all 9 succeeded
    destroy.prod            measured          —            8m 20s   8m 20s
        was: measured · — · 7m 49s · 7m 49s
    (33 of 34 nodes unchanged)

2026-08-12 06:32:54Z  tab-held  heartbeat
    clocks    github 06:31:52 AM · bucket 06:32:52 AM
    budget    GitHub budget: 57 of 60 requests left this hour
    cadence   auto: bucket every 30 s — status and figures, the figures up to a minute behind the write; GitHub every 68 s
    map       Generated from infra/ and tests/. At rest it shows the last cycle that finished, dated 2026-08-12; the map is on the page whether or not anything is running.180 tests are collected from the suites the
    verdict   all 9 succeeded
    stage.vpc               measured          —            26s      measured · 26s
    stage.secrets           measured          —            8m 36s   measured · 8m 36s
    stage.rds               measured          —            8m 36s   measured · 8m 36s
    stage.alb               measured          —            3m 16s   measured · 3m 16s
    stage.ecs               measured          —            12s      measured · 12s
    stage.cloudwatch        measured          —            0s       measured · 0s
    stage.budgets           measured          —            7s       measured · 7s
    prod.vpc                destroyed         ended        26s      destroyed · these figures are from the cycle that ended · 26
    prod.secrets            destroyed         ended        8m 39s   destroyed · these figures are from the cycle that ended · 8m
    prod.rds                destroyed         ended        8m 38s   destroyed · these figures are from the cycle that ended · 8m
    prod.alb                destroyed         ended        3m 16s   destroyed · these figures are from the cycle that ended · 3m
    prod.ecs                destroyed         ended        11s      destroyed · these figures are from the cycle that ended · 11
    prod.cloudwatch         destroyed         ended        1s       destroyed · these figures are from the cycle that ended · 1s
    prod.dnsrec             destroyed         ended        31s      destroyed · these figures are from the cycle that ended · 31
    prod.budgets            destroyed         ended        8s       destroyed · these figures are from the cycle that ended · 8s
    perm.tfstate            —                 —            —        —
    perm.oidc               —                 —            —        —
    perm.ecr                —                 —            —        —
    perm.dns                —                 —            —        —
    perm.site               —                 —            —        —
    perm.selfservice        —                 —            —        —
    build.ecr               not measured here —            —        not measured here · its step is in Actions, not in a timelin
    stage.migrate           not measured here —            —        not measured here · its step is in Actions, not in a timelin
    suite.db.stage          passed            —            —        2 of 2
    suite.api.stage         passed            —            5.1s     52 of 52 · 5.1s
    suite.regression.stage  passed            —            8.0s     12 of 12 · 8.0s
    suite.smoke.stage       passed            —            0.6s     2 of 2 · 0.6s
    gate.human              not measured here —            —        not measured here · its step is in Actions, not in a timelin
    suite.db.prod           passed            —            —        2 of 2
    suite.smoke.prod        passed            —            1.1s     2 of 2 · 1.1s
    destroy.stage           measured          —            8m 10s   8m 10s
    destroy.prod            measured          —            8m 20s   8m 20s
    out.devbox              —                 —            —        —
    out.github              —                 —            —        —

2026-08-12 06:34:54Z  tab-held  heartbeat
    clocks    github 06:34:54 AM · bucket 06:34:53 AM
    budget    GitHub budget: 55 of 60 requests left this hour
    cadence   auto: bucket every 30 s — status and figures, the figures up to a minute behind the write; GitHub every 68 s
    map       Generated from infra/ and tests/. At rest it shows the last cycle that finished, dated 2026-08-12; the map is on the page whether or not anything is running.180 tests are collected from the suites the
    verdict   all 9 succeeded
    stage.vpc               measured          —            26s      measured · 26s
    stage.secrets           measured          —            8m 36s   measured · 8m 36s
    stage.rds               measured          —            8m 36s   measured · 8m 36s
    stage.alb               measured          —            3m 16s   measured · 3m 16s
    stage.ecs               measured          —            12s      measured · 12s
    stage.cloudwatch        measured          —            0s       measured · 0s
    stage.budgets           measured          —            7s       measured · 7s
    prod.vpc                destroyed         ended        26s      destroyed · these figures are from the cycle that ended · 26
    prod.secrets            destroyed         ended        8m 39s   destroyed · these figures are from the cycle that ended · 8m
    prod.rds                destroyed         ended        8m 38s   destroyed · these figures are from the cycle that ended · 8m
    prod.alb                destroyed         ended        3m 16s   destroyed · these figures are from the cycle that ended · 3m
    prod.ecs                destroyed         ended        11s      destroyed · these figures are from the cycle that ended · 11
    prod.cloudwatch         destroyed         ended        1s       destroyed · these figures are from the cycle that ended · 1s
    prod.dnsrec             destroyed         ended        31s      destroyed · these figures are from the cycle that ended · 31
    prod.budgets            destroyed         ended        8s       destroyed · these figures are from the cycle that ended · 8s
    perm.tfstate            —                 —            —        —
    perm.oidc               —                 —            —        —
    perm.ecr                —                 —            —        —
    perm.dns                —                 —            —        —
    perm.site               —                 —            —        —
    perm.selfservice        —                 —            —        —
    build.ecr               not measured here —            —        not measured here · its step is in Actions, not in a timelin
    stage.migrate           not measured here —            —        not measured here · its step is in Actions, not in a timelin
    suite.db.stage          passed            —            —        2 of 2
    suite.api.stage         passed            —            5.1s     52 of 52 · 5.1s
    suite.regression.stage  passed            —            8.0s     12 of 12 · 8.0s
    suite.smoke.stage       passed            —            0.6s     2 of 2 · 0.6s
    gate.human              not measured here —            —        not measured here · its step is in Actions, not in a timelin
    suite.db.prod           passed            —            —        2 of 2
    suite.smoke.prod        passed            —            1.1s     2 of 2 · 1.1s
    destroy.stage           measured          —            8m 10s   8m 10s
    destroy.prod            measured          —            8m 20s   8m 20s
    out.devbox              —                 —            —        —
    out.github              —                 —            —        —

2026-08-12 06:36:55Z  tab-held  heartbeat
    clocks    github 06:36:25 AM · bucket 06:36:24 AM
    budget    GitHub budget: 45 of 60 requests left this hour
    cadence   auto: bucket every 30 s — status and figures, the figures up to a minute behind the write; GitHub every 60 s
    map       Generated from infra/ and tests/. At rest it shows the last cycle that finished, dated 2026-08-12; the map is on the page whether or not anything is running.180 tests are collected from the suites the
    verdict   all 9 succeeded
    stage.vpc               measured          —            26s      measured · 26s
    stage.secrets           measured          —            8m 36s   measured · 8m 36s
    stage.rds               measured          —            8m 36s   measured · 8m 36s
    stage.alb               measured          —            3m 16s   measured · 3m 16s
    stage.ecs               measured          —            12s      measured · 12s
    stage.cloudwatch        measured          —            0s       measured · 0s
    stage.budgets           measured          —            7s       measured · 7s
    prod.vpc                destroyed         ended        26s      destroyed · these figures are from the cycle that ended · 26
    prod.secrets            destroyed         ended        8m 39s   destroyed · these figures are from the cycle that ended · 8m
    prod.rds                destroyed         ended        8m 38s   destroyed · these figures are from the cycle that ended · 8m
    prod.alb                destroyed         ended        3m 16s   destroyed · these figures are from the cycle that ended · 3m
    prod.ecs                destroyed         ended        11s      destroyed · these figures are from the cycle that ended · 11
    prod.cloudwatch         destroyed         ended        1s       destroyed · these figures are from the cycle that ended · 1s
    prod.dnsrec             destroyed         ended        31s      destroyed · these figures are from the cycle that ended · 31
    prod.budgets            destroyed         ended        8s       destroyed · these figures are from the cycle that ended · 8s
    perm.tfstate            —                 —            —        —
    perm.oidc               —                 —            —        —
    perm.ecr                —                 —            —        —
    perm.dns                —                 —            —        —
    perm.site               —                 —            —        —
    perm.selfservice        —                 —            —        —
    build.ecr               not measured here —            —        not measured here · its step is in Actions, not in a timelin
    stage.migrate           not measured here —            —        not measured here · its step is in Actions, not in a timelin
    suite.db.stage          passed            —            —        2 of 2
    suite.api.stage         passed            —            5.1s     52 of 52 · 5.1s
    suite.regression.stage  passed            —            8.0s     12 of 12 · 8.0s
    suite.smoke.stage       passed            —            0.6s     2 of 2 · 0.6s
    gate.human              not measured here —            —        not measured here · its step is in Actions, not in a timelin
    suite.db.prod           passed            —            —        2 of 2
    suite.smoke.prod        passed            —            1.1s     2 of 2 · 1.1s
    destroy.stage           measured          —            8m 10s   8m 10s
    destroy.prod            measured          —            8m 20s   8m 20s
    out.devbox              —                 —            —        —
    out.github              —                 —            —        —

2026-08-12 06:38:55Z  tab-held  heartbeat
    clocks    github 06:38:27 AM · bucket 06:38:26 AM
    budget    GitHub budget: 43 of 60 requests left this hour
    cadence   auto: bucket every 30 s — status and figures, the figures up to a minute behind the write; GitHub every 60 s
    map       Generated from infra/ and tests/. At rest it shows the last cycle that finished, dated 2026-08-12; the map is on the page whether or not anything is running.180 tests are collected from the suites the
    verdict   all 9 succeeded
    stage.vpc               measured          —            26s      measured · 26s
    stage.secrets           measured          —            8m 36s   measured · 8m 36s
    stage.rds               measured          —            8m 36s   measured · 8m 36s
    stage.alb               measured          —            3m 16s   measured · 3m 16s
    stage.ecs               measured          —            12s      measured · 12s
    stage.cloudwatch        measured          —            0s       measured · 0s
    stage.budgets           measured          —            7s       measured · 7s
    prod.vpc                destroyed         ended        26s      destroyed · these figures are from the cycle that ended · 26
    prod.secrets            destroyed         ended        8m 39s   destroyed · these figures are from the cycle that ended · 8m
    prod.rds                destroyed         ended        8m 38s   destroyed · these figures are from the cycle that ended · 8m
    prod.alb                destroyed         ended        3m 16s   destroyed · these figures are from the cycle that ended · 3m
    prod.ecs                destroyed         ended        11s      destroyed · these figures are from the cycle that ended · 11
    prod.cloudwatch         destroyed         ended        1s       destroyed · these figures are from the cycle that ended · 1s
    prod.dnsrec             destroyed         ended        31s      destroyed · these figures are from the cycle that ended · 31
    prod.budgets            destroyed         ended        8s       destroyed · these figures are from the cycle that ended · 8s
    perm.tfstate            —                 —            —        —
    perm.oidc               —                 —            —        —
    perm.ecr                —                 —            —        —
    perm.dns                —                 —            —        —
    perm.site               —                 —            —        —
    perm.selfservice        —                 —            —        —
    build.ecr               not measured here —            —        not measured here · its step is in Actions, not in a timelin
    stage.migrate           not measured here —            —        not measured here · its step is in Actions, not in a timelin
    suite.db.stage          passed            —            —        2 of 2
    suite.api.stage         passed            —            5.1s     52 of 52 · 5.1s
    suite.regression.stage  passed            —            8.0s     12 of 12 · 8.0s
    suite.smoke.stage       passed            —            0.6s     2 of 2 · 0.6s
    gate.human              not measured here —            —        not measured here · its step is in Actions, not in a timelin
    suite.db.prod           passed            —            —        2 of 2
    suite.smoke.prod        passed            —            1.1s     2 of 2 · 1.1s
    destroy.stage           measured          —            8m 10s   8m 10s
    destroy.prod            measured          —            8m 20s   8m 20s
    out.devbox              —                 —            —        —
    out.github              —                 —            —        —

2026-08-12 06:40:30Z  tab-held  CHANGED
    clocks    github 06:40:29 AM · bucket 06:40:28 AM
    budget    GitHub budget: 40 of 60 requests left this hour
    cadence   auto: bucket every 30 s — status and figures, the figures up to a minute behind the write; GitHub every 113 s (paced by the remaining budget)
    map       Generated from infra/ and tests/. At rest it shows the last cycle that finished, dated 2026-08-12; the map is on the page whether or not anything is running.180 tests are collected from the suites the
    verdict   all 8 succeeded · 1 still going
    stage.vpc               measured          PREVIOUS     26s      measured · these figures are from the cycle before this one 
        was: measured · — · 26s · measured · 26s
    stage.secrets           measured          PREVIOUS     8m 36s   measured · these figures are from the cycle before this one 
        was: measured · — · 8m 36s · measured · 8m 36s
    stage.rds               measured          PREVIOUS     8m 36s   measured · these figures are from the cycle before this one 
        was: measured · — · 8m 36s · measured · 8m 36s
    stage.alb               measured          PREVIOUS     3m 16s   measured · these figures are from the cycle before this one 
        was: measured · — · 3m 16s · measured · 3m 16s
    stage.ecs               measured          PREVIOUS     12s      measured · these figures are from the cycle before this one 
        was: measured · — · 12s · measured · 12s
    stage.cloudwatch        measured          PREVIOUS     0s       measured · these figures are from the cycle before this one 
        was: measured · — · 0s · measured · 0s
    stage.budgets           measured          PREVIOUS     7s       measured · these figures are from the cycle before this one 
        was: measured · — · 7s · measured · 7s
    suite.db.stage          passed            —            —        2 of 2 · from the previous run
        was: passed · — · — · 2 of 2
    suite.api.stage         passed            —            5.1s     52 of 52 · 5.1s · from the previous run
        was: passed · — · 5.1s · 52 of 52 · 5.1s
    suite.regression.stage  passed            —            8.0s     12 of 12 · 8.0s · from the previous run
        was: passed · — · 8.0s · 12 of 12 · 8.0s
    suite.smoke.stage       passed            —            0.6s     2 of 2 · 0.6s · from the previous run
        was: passed · — · 0.6s · 2 of 2 · 0.6s
    destroy.stage           measured          PREVIOUS     8m 10s   these figures are from the cycle before this one · 8m 10s
        was: measured · — · 8m 10s · 8m 10s
    (22 of 34 nodes unchanged)

2026-08-12 06:42:31Z  tab-held  CHANGED
    clocks    github 06:42:30 AM · bucket 06:42:29 AM
    budget    GitHub budget: 38 of 60 requests left this hour
    cadence   auto: bucket every 30 s — status and figures, the figures up to a minute behind the write; GitHub every 113 s (paced by the remaining budget)
    map       Generated from infra/ and tests/. At rest it shows the last cycle that finished, dated 2026-08-12; the map is on the page whether or not anything is running.180 tests are collected from the suites the
    verdict   all 8 succeeded · 1 still going
    destroy.stage           its phase is running—            —        its phase is running · which node is unknown
        was: measured · PREVIOUS · 8m 10s · these figures are from the cycle before this one · 8m 10s
    destroy.prod            measured          —            8m 20s   measured · 8m 20s
        was: measured · — · 8m 20s · 8m 20s
    (32 of 34 nodes unchanged)

2026-08-12 06:44:31Z  tab-held  heartbeat
    clocks    github 06:42:30 AM · bucket 06:44:01 AM
    budget    GitHub budget: 38 of 60 requests left this hour
    cadence   auto: bucket every 30 s — status and figures, the figures up to a minute behind the write; GitHub every 107 s (paced by the remaining budget)
    map       Generated from infra/ and tests/. At rest it shows the last cycle that finished, dated 2026-08-12; the map is on the page whether or not anything is running.180 tests are collected from the suites the
    verdict   all 8 succeeded · 1 still going
    stage.vpc               measured          PREVIOUS     26s      measured · these figures are from the cycle before this one 
    stage.secrets           measured          PREVIOUS     8m 36s   measured · these figures are from the cycle before this one 
    stage.rds               measured          PREVIOUS     8m 36s   measured · these figures are from the cycle before this one 
    stage.alb               measured          PREVIOUS     3m 16s   measured · these figures are from the cycle before this one 
    stage.ecs               measured          PREVIOUS     12s      measured · these figures are from the cycle before this one 
    stage.cloudwatch        measured          PREVIOUS     0s       measured · these figures are from the cycle before this one 
    stage.budgets           measured          PREVIOUS     7s       measured · these figures are from the cycle before this one 
    prod.vpc                destroyed         ended        26s      destroyed · these figures are from the cycle that ended · 26
    prod.secrets            destroyed         ended        8m 39s   destroyed · these figures are from the cycle that ended · 8m
    prod.rds                destroyed         ended        8m 38s   destroyed · these figures are from the cycle that ended · 8m
    prod.alb                destroyed         ended        3m 16s   destroyed · these figures are from the cycle that ended · 3m
    prod.ecs                destroyed         ended        11s      destroyed · these figures are from the cycle that ended · 11
    prod.cloudwatch         destroyed         ended        1s       destroyed · these figures are from the cycle that ended · 1s
    prod.dnsrec             destroyed         ended        31s      destroyed · these figures are from the cycle that ended · 31
    prod.budgets            destroyed         ended        8s       destroyed · these figures are from the cycle that ended · 8s
    perm.tfstate            —                 —            —        —
    perm.oidc               —                 —            —        —
    perm.ecr                —                 —            —        —
    perm.dns                —                 —            —        —
    perm.site               —                 —            —        —
    perm.selfservice        —                 —            —        —
    build.ecr               not measured here —            —        not measured here · its step is in Actions, not in a timelin
    stage.migrate           not measured here —            —        not measured here · its step is in Actions, not in a timelin
    suite.db.stage          passed            —            —        2 of 2 · from the previous run
    suite.api.stage         passed            —            5.1s     52 of 52 · 5.1s · from the previous run
    suite.regression.stage  passed            —            8.0s     12 of 12 · 8.0s · from the previous run
    suite.smoke.stage       passed            —            0.6s     2 of 2 · 0.6s · from the previous run
    gate.human              not measured here —            —        not measured here · its step is in Actions, not in a timelin
    suite.db.prod           passed            —            —        2 of 2
    suite.smoke.prod        passed            —            1.1s     2 of 2 · 1.1s
    destroy.stage           its phase is running—            —        its phase is running · which node is unknown
    destroy.prod            measured          —            8m 20s   measured · 8m 20s
    out.devbox              —                 —            —        —
    out.github              —                 —            —        —

2026-08-12 06:46:31Z  tab-held  heartbeat
    clocks    github 06:44:32 AM · bucket 06:46:02 AM
    budget    GitHub budget: 53 of 60 requests left this hour
    cadence   auto: bucket every 30 s — status and figures, the figures up to a minute behind the write; GitHub every 113 s (paced by the remaining budget)
    map       Generated from infra/ and tests/. At rest it shows the last cycle that finished, dated 2026-08-12; the map is on the page whether or not anything is running.180 tests are collected from the suites the
    verdict   all 8 succeeded · 1 still going
    stage.vpc               measured          PREVIOUS     26s      measured · these figures are from the cycle before this one 
    stage.secrets           measured          PREVIOUS     8m 36s   measured · these figures are from the cycle before this one 
    stage.rds               measured          PREVIOUS     8m 36s   measured · these figures are from the cycle before this one 
    stage.alb               measured          PREVIOUS     3m 16s   measured · these figures are from the cycle before this one 
    stage.ecs               measured          PREVIOUS     12s      measured · these figures are from the cycle before this one 
    stage.cloudwatch        measured          PREVIOUS     0s       measured · these figures are from the cycle before this one 
    stage.budgets           measured          PREVIOUS     7s       measured · these figures are from the cycle before this one 
    prod.vpc                destroyed         ended        26s      destroyed · these figures are from the cycle that ended · 26
    prod.secrets            destroyed         ended        8m 39s   destroyed · these figures are from the cycle that ended · 8m
    prod.rds                destroyed         ended        8m 38s   destroyed · these figures are from the cycle that ended · 8m
    prod.alb                destroyed         ended        3m 16s   destroyed · these figures are from the cycle that ended · 3m
    prod.ecs                destroyed         ended        11s      destroyed · these figures are from the cycle that ended · 11
    prod.cloudwatch         destroyed         ended        1s       destroyed · these figures are from the cycle that ended · 1s
    prod.dnsrec             destroyed         ended        31s      destroyed · these figures are from the cycle that ended · 31
    prod.budgets            destroyed         ended        8s       destroyed · these figures are from the cycle that ended · 8s
    perm.tfstate            —                 —            —        —
    perm.oidc               —                 —            —        —
    perm.ecr                —                 —            —        —
    perm.dns                —                 —            —        —
    perm.site               —                 —            —        —
    perm.selfservice        —                 —            —        —
    build.ecr               not measured here —            —        not measured here · its step is in Actions, not in a timelin
    stage.migrate           not measured here —            —        not measured here · its step is in Actions, not in a timelin
    suite.db.stage          passed            —            —        2 of 2 · from the previous run
    suite.api.stage         passed            —            5.1s     52 of 52 · 5.1s · from the previous run
    suite.regression.stage  passed            —            8.0s     12 of 12 · 8.0s · from the previous run
    suite.smoke.stage       passed            —            0.6s     2 of 2 · 0.6s · from the previous run
    gate.human              not measured here —            —        not measured here · its step is in Actions, not in a timelin
    suite.db.prod           passed            —            —        2 of 2
    suite.smoke.prod        passed            —            1.1s     2 of 2 · 1.1s
    destroy.stage           its phase is running—            —        its phase is running · which node is unknown
    destroy.prod            measured          —            8m 20s   measured · 8m 20s
    out.devbox              —                 —            —        —
    out.github              —                 —            —        —

2026-08-12 06:48:32Z  tab-held  heartbeat
    clocks    github 06:46:33 AM · bucket 06:48:03 AM
    budget    GitHub budget: 36 of 60 requests left this hour
    cadence   auto: bucket every 30 s — status and figures, the figures up to a minute behind the write; GitHub every 98 s (paced by the remaining budget)
    map       Generated from infra/ and tests/. At rest it shows the last cycle that finished, dated 2026-08-12; the map is on the page whether or not anything is running.180 tests are collected from the suites the
    verdict   all 8 succeeded · 1 still going
    stage.vpc               measured          PREVIOUS     26s      measured · these figures are from the cycle before this one 
    stage.secrets           measured          PREVIOUS     8m 36s   measured · these figures are from the cycle before this one 
    stage.rds               measured          PREVIOUS     8m 36s   measured · these figures are from the cycle before this one 
    stage.alb               measured          PREVIOUS     3m 16s   measured · these figures are from the cycle before this one 
    stage.ecs               measured          PREVIOUS     12s      measured · these figures are from the cycle before this one 
    stage.cloudwatch        measured          PREVIOUS     0s       measured · these figures are from the cycle before this one 
    stage.budgets           measured          PREVIOUS     7s       measured · these figures are from the cycle before this one 
    prod.vpc                destroyed         ended        26s      destroyed · these figures are from the cycle that ended · 26
    prod.secrets            destroyed         ended        8m 39s   destroyed · these figures are from the cycle that ended · 8m
    prod.rds                destroyed         ended        8m 38s   destroyed · these figures are from the cycle that ended · 8m
    prod.alb                destroyed         ended        3m 16s   destroyed · these figures are from the cycle that ended · 3m
    prod.ecs                destroyed         ended        11s      destroyed · these figures are from the cycle that ended · 11
    prod.cloudwatch         destroyed         ended        1s       destroyed · these figures are from the cycle that ended · 1s
    prod.dnsrec             destroyed         ended        31s      destroyed · these figures are from the cycle that ended · 31
    prod.budgets            destroyed         ended        8s       destroyed · these figures are from the cycle that ended · 8s
    perm.tfstate            —                 —            —        —
    perm.oidc               —                 —            —        —
    perm.ecr                —                 —            —        —
    perm.dns                —                 —            —        —
    perm.site               —                 —            —        —
    perm.selfservice        —                 —            —        —
    build.ecr               not measured here —            —        not measured here · its step is in Actions, not in a timelin
    stage.migrate           not measured here —            —        not measured here · its step is in Actions, not in a timelin
    suite.db.stage          passed            —            —        2 of 2 · from the previous run
    suite.api.stage         passed            —            5.1s     52 of 52 · 5.1s · from the previous run
    suite.regression.stage  passed            —            8.0s     12 of 12 · 8.0s · from the previous run
    suite.smoke.stage       passed            —            0.6s     2 of 2 · 0.6s · from the previous run
    gate.human              not measured here —            —        not measured here · its step is in Actions, not in a timelin
    suite.db.prod           passed            —            —        2 of 2
    suite.smoke.prod        passed            —            1.1s     2 of 2 · 1.1s
    destroy.stage           its phase is running—            —        its phase is running · which node is unknown
    destroy.prod            measured          —            8m 20s   measured · 8m 20s
    out.devbox              —                 —            —        —
    out.github              —                 —            —        —

2026-08-12 06:50:07Z  tab-held  CHANGED
    clocks    github 06:48:34 AM · bucket 06:50:05 AM
    budget    GitHub budget: 34 of 60 requests left this hour
    cadence   auto: bucket every 30 s — status and figures, the figures up to a minute behind the write; GitHub every 97 s (paced by the remaining budget)
    map       Generated from infra/ and tests/. At rest it shows the last cycle that finished, dated 2026-08-12; the map is on the page whether or not anything is running.180 tests are collected from the suites the
    verdict   all 8 succeeded · 1 still going
    stage.vpc               destroyed         ended        26s      destroyed · these figures are from the cycle that ended · 26
        was: measured · PREVIOUS · 26s · measured · these figures are from the cycle before this one 
    stage.secrets           destroyed         ended        8m 36s   destroyed · these figures are from the cycle that ended · 8m
        was: measured · PREVIOUS · 8m 36s · measured · these figures are from the cycle before this one 
    stage.rds               destroyed         ended        8m 36s   destroyed · these figures are from the cycle that ended · 8m
        was: measured · PREVIOUS · 8m 36s · measured · these figures are from the cycle before this one 
    stage.alb               destroyed         ended        3m 16s   destroyed · these figures are from the cycle that ended · 3m
        was: measured · PREVIOUS · 3m 16s · measured · these figures are from the cycle before this one 
    stage.ecs               destroyed         ended        12s      destroyed · these figures are from the cycle that ended · 12
        was: measured · PREVIOUS · 12s · measured · these figures are from the cycle before this one 
    stage.cloudwatch        destroyed         ended        0s       destroyed · these figures are from the cycle that ended · 0s
        was: measured · PREVIOUS · 0s · measured · these figures are from the cycle before this one 
    stage.budgets           destroyed         ended        7s       destroyed · these figures are from the cycle that ended · 7s
        was: measured · PREVIOUS · 7s · measured · these figures are from the cycle before this one 
    (27 of 34 nodes unchanged)

2026-08-12 06:50:37Z  tab-held  CHANGED
    clocks    github 06:50:36 AM · bucket 06:50:35 AM
    budget    GitHub budget: 51 of 60 requests left this hour
    cadence   auto: bucket every 30 s — status and figures, the figures up to a minute behind the write; GitHub every 60 s
    map       Generated from infra/ and tests/. At rest it shows the last cycle that finished, dated 2026-08-12; the map is on the page whether or not anything is running.180 tests are collected from the suites the
    verdict   all 9 succeeded
    suite.db.stage          passed            —            —        2 of 2
        was: passed · — · — · 2 of 2 · from the previous run
    suite.api.stage         passed            —            5.1s     52 of 52 · 5.1s
        was: passed · — · 5.1s · 52 of 52 · 5.1s · from the previous run
    suite.regression.stage  passed            —            8.0s     12 of 12 · 8.0s
        was: passed · — · 8.0s · 12 of 12 · 8.0s · from the previous run
    suite.smoke.stage       passed            —            0.6s     2 of 2 · 0.6s
        was: passed · — · 0.6s · 2 of 2 · 0.6s · from the previous run
    destroy.stage           measured          —            7m 53s   7m 53s
        was: its phase is running · — · — · its phase is running · which node is unknown
    destroy.prod            measured          —            8m 20s   8m 20s
        was: measured · — · 8m 20s · measured · 8m 20s
    (28 of 34 nodes unchanged)

2026-08-12 06:52:37Z  tab-held  heartbeat
    clocks    github 06:51:38 AM · bucket 06:52:08 AM
    budget    GitHub budget: 33 of 60 requests left this hour
    cadence   auto: bucket every 30 s — status and figures, the figures up to a minute behind the write; GitHub every 60 s
    map       Generated from infra/ and tests/. At rest it shows the last cycle that finished, dated 2026-08-12; the map is on the page whether or not anything is running.180 tests are collected from the suites the
    verdict   all 9 succeeded
    stage.vpc               destroyed         ended        26s      destroyed · these figures are from the cycle that ended · 26
    stage.secrets           destroyed         ended        8m 36s   destroyed · these figures are from the cycle that ended · 8m
    stage.rds               destroyed         ended        8m 36s   destroyed · these figures are from the cycle that ended · 8m
    stage.alb               destroyed         ended        3m 16s   destroyed · these figures are from the cycle that ended · 3m
    stage.ecs               destroyed         ended        12s      destroyed · these figures are from the cycle that ended · 12
    stage.cloudwatch        destroyed         ended        0s       destroyed · these figures are from the cycle that ended · 0s
    stage.budgets           destroyed         ended        7s       destroyed · these figures are from the cycle that ended · 7s
    prod.vpc                destroyed         ended        26s      destroyed · these figures are from the cycle that ended · 26
    prod.secrets            destroyed         ended        8m 39s   destroyed · these figures are from the cycle that ended · 8m
    prod.rds                destroyed         ended        8m 38s   destroyed · these figures are from the cycle that ended · 8m
    prod.alb                destroyed         ended        3m 16s   destroyed · these figures are from the cycle that ended · 3m
    prod.ecs                destroyed         ended        11s      destroyed · these figures are from the cycle that ended · 11
    prod.cloudwatch         destroyed         ended        1s       destroyed · these figures are from the cycle that ended · 1s
    prod.dnsrec             destroyed         ended        31s      destroyed · these figures are from the cycle that ended · 31
    prod.budgets            destroyed         ended        8s       destroyed · these figures are from the cycle that ended · 8s
    perm.tfstate            —                 —            —        —
    perm.oidc               —                 —            —        —
    perm.ecr                —                 —            —        —
    perm.dns                —                 —            —        —
    perm.site               —                 —            —        —
    perm.selfservice        —                 —            —        —
    build.ecr               not measured here —            —        not measured here · its step is in Actions, not in a timelin
    stage.migrate           not measured here —            —        not measured here · its step is in Actions, not in a timelin
    suite.db.stage          passed            —            —        2 of 2
    suite.api.stage         passed            —            5.1s     52 of 52 · 5.1s
    suite.regression.stage  passed            —            8.0s     12 of 12 · 8.0s
    suite.smoke.stage       passed            —            0.6s     2 of 2 · 0.6s
    gate.human              not measured here —            —        not measured here · its step is in Actions, not in a timelin
    suite.db.prod           passed            —            —        2 of 2
    suite.smoke.prod        passed            —            1.1s     2 of 2 · 1.1s
    destroy.stage           measured          —            7m 53s   7m 53s
    destroy.prod            measured          —            8m 20s   8m 20s
    out.devbox              —                 —            —        —
    out.github              —                 —            —        —

2026-08-12 06:54:38Z  tab-held  heartbeat
    clocks    github 06:53:40 AM · bucket 06:54:10 AM
    budget    GitHub budget: 31 of 60 requests left this hour
    cadence   auto: bucket every 30 s — status and figures, the figures up to a minute behind the write; GitHub every 60 s
    map       Generated from infra/ and tests/. At rest it shows the last cycle that finished, dated 2026-08-12; the map is on the page whether or not anything is running.180 tests are collected from the suites the
    verdict   all 9 succeeded
    stage.vpc               destroyed         ended        26s      destroyed · these figures are from the cycle that ended · 26
    stage.secrets           destroyed         ended        8m 36s   destroyed · these figures are from the cycle that ended · 8m
    stage.rds               destroyed         ended        8m 36s   destroyed · these figures are from the cycle that ended · 8m
    stage.alb               destroyed         ended        3m 16s   destroyed · these figures are from the cycle that ended · 3m
    stage.ecs               destroyed         ended        12s      destroyed · these figures are from the cycle that ended · 12
    stage.cloudwatch        destroyed         ended        0s       destroyed · these figures are from the cycle that ended · 0s
    stage.budgets           destroyed         ended        7s       destroyed · these figures are from the cycle that ended · 7s
    prod.vpc                destroyed         ended        26s      destroyed · these figures are from the cycle that ended · 26
    prod.secrets            destroyed         ended        8m 39s   destroyed · these figures are from the cycle that ended · 8m
    prod.rds                destroyed         ended        8m 38s   destroyed · these figures are from the cycle that ended · 8m
    prod.alb                destroyed         ended        3m 16s   destroyed · these figures are from the cycle that ended · 3m
    prod.ecs                destroyed         ended        11s      destroyed · these figures are from the cycle that ended · 11
    prod.cloudwatch         destroyed         ended        1s       destroyed · these figures are from the cycle that ended · 1s
    prod.dnsrec             destroyed         ended        31s      destroyed · these figures are from the cycle that ended · 31
    prod.budgets            destroyed         ended        8s       destroyed · these figures are from the cycle that ended · 8s
    perm.tfstate            —                 —            —        —
    perm.oidc               —                 —            —        —
    perm.ecr                —                 —            —        —
    perm.dns                —                 —            —        —
    perm.site               —                 —            —        —
    perm.selfservice        —                 —            —        —
    build.ecr               not measured here —            —        not measured here · its step is in Actions, not in a timelin
    stage.migrate           not measured here —            —        not measured here · its step is in Actions, not in a timelin
    suite.db.stage          passed            —            —        2 of 2
    suite.api.stage         passed            —            5.1s     52 of 52 · 5.1s
    suite.regression.stage  passed            —            8.0s     12 of 12 · 8.0s
    suite.smoke.stage       passed            —            0.6s     2 of 2 · 0.6s
    gate.human              not measured here —            —        not measured here · its step is in Actions, not in a timelin
    suite.db.prod           passed            —            —        2 of 2
    suite.smoke.prod        passed            —            1.1s     2 of 2 · 1.1s
    destroy.stage           measured          —            7m 53s   7m 53s
    destroy.prod            measured          —            8m 20s   8m 20s
    out.devbox              —                 —            —        —
    out.github              —                 —            —        —

2026-08-12 06:56:38Z  tab-held  heartbeat
    clocks    github 06:55:42 AM · bucket 06:56:12 AM
    budget    GitHub budget: 50 of 60 requests left this hour
    cadence   auto: bucket every 30 s — status and figures, the figures up to a minute behind the write; GitHub every 60 s
    map       Generated from infra/ and tests/. At rest it shows the last cycle that finished, dated 2026-08-12; the map is on the page whether or not anything is running.180 tests are collected from the suites the
    verdict   all 9 succeeded
    stage.vpc               destroyed         ended        26s      destroyed · these figures are from the cycle that ended · 26
    stage.secrets           destroyed         ended        8m 36s   destroyed · these figures are from the cycle that ended · 8m
    stage.rds               destroyed         ended        8m 36s   destroyed · these figures are from the cycle that ended · 8m
    stage.alb               destroyed         ended        3m 16s   destroyed · these figures are from the cycle that ended · 3m
    stage.ecs               destroyed         ended        12s      destroyed · these figures are from the cycle that ended · 12
    stage.cloudwatch        destroyed         ended        0s       destroyed · these figures are from the cycle that ended · 0s
    stage.budgets           destroyed         ended        7s       destroyed · these figures are from the cycle that ended · 7s
    prod.vpc                destroyed         ended        26s      destroyed · these figures are from the cycle that ended · 26
    prod.secrets            destroyed         ended        8m 39s   destroyed · these figures are from the cycle that ended · 8m
    prod.rds                destroyed         ended        8m 38s   destroyed · these figures are from the cycle that ended · 8m
    prod.alb                destroyed         ended        3m 16s   destroyed · these figures are from the cycle that ended · 3m
    prod.ecs                destroyed         ended        11s      destroyed · these figures are from the cycle that ended · 11
    prod.cloudwatch         destroyed         ended        1s       destroyed · these figures are from the cycle that ended · 1s
    prod.dnsrec             destroyed         ended        31s      destroyed · these figures are from the cycle that ended · 31
    prod.budgets            destroyed         ended        8s       destroyed · these figures are from the cycle that ended · 8s
    perm.tfstate            —                 —            —        —
    perm.oidc               —                 —            —        —
    perm.ecr                —                 —            —        —
    perm.dns                —                 —            —        —
    perm.site               —                 —            —        —
    perm.selfservice        —                 —            —        —
    build.ecr               not measured here —            —        not measured here · its step is in Actions, not in a timelin
    stage.migrate           not measured here —            —        not measured here · its step is in Actions, not in a timelin
    suite.db.stage          passed            —            —        2 of 2
    suite.api.stage         passed            —            5.1s     52 of 52 · 5.1s
    suite.regression.stage  passed            —            8.0s     12 of 12 · 8.0s
    suite.smoke.stage       passed            —            0.6s     2 of 2 · 0.6s
    gate.human              not measured here —            —        not measured here · its step is in Actions, not in a timelin
    suite.db.prod           passed            —            —        2 of 2
    suite.smoke.prod        passed            —            1.1s     2 of 2 · 1.1s
    destroy.stage           measured          —            7m 53s   7m 53s
    destroy.prod            measured          —            8m 20s   8m 20s
    out.devbox              —                 —            —        —
    out.github              —                 —            —        —

2026-08-12 06:58:38Z  tab-held  heartbeat
    clocks    github 06:57:43 AM · bucket 06:58:13 AM
    budget    GitHub budget: 49 of 60 requests left this hour
    cadence   auto: bucket every 30 s — status and figures, the figures up to a minute behind the write; GitHub every 60 s
    map       Generated from infra/ and tests/. At rest it shows the last cycle that finished, dated 2026-08-12; the map is on the page whether or not anything is running.180 tests are collected from the suites the
    verdict   all 9 succeeded
    stage.vpc               destroyed         ended        26s      destroyed · these figures are from the cycle that ended · 26
    stage.secrets           destroyed         ended        8m 36s   destroyed · these figures are from the cycle that ended · 8m
    stage.rds               destroyed         ended        8m 36s   destroyed · these figures are from the cycle that ended · 8m
    stage.alb               destroyed         ended        3m 16s   destroyed · these figures are from the cycle that ended · 3m
    stage.ecs               destroyed         ended        12s      destroyed · these figures are from the cycle that ended · 12
    stage.cloudwatch        destroyed         ended        0s       destroyed · these figures are from the cycle that ended · 0s
    stage.budgets           destroyed         ended        7s       destroyed · these figures are from the cycle that ended · 7s
    prod.vpc                destroyed         ended        26s      destroyed · these figures are from the cycle that ended · 26
    prod.secrets            destroyed         ended        8m 39s   destroyed · these figures are from the cycle that ended · 8m
    prod.rds                destroyed         ended        8m 38s   destroyed · these figures are from the cycle that ended · 8m
    prod.alb                destroyed         ended        3m 16s   destroyed · these figures are from the cycle that ended · 3m
    prod.ecs                destroyed         ended        11s      destroyed · these figures are from the cycle that ended · 11
    prod.cloudwatch         destroyed         ended        1s       destroyed · these figures are from the cycle that ended · 1s
    prod.dnsrec             destroyed         ended        31s      destroyed · these figures are from the cycle that ended · 31
    prod.budgets            destroyed         ended        8s       destroyed · these figures are from the cycle that ended · 8s
    perm.tfstate            —                 —            —        —
    perm.oidc               —                 —            —        —
    perm.ecr                —                 —            —        —
    perm.dns                —                 —            —        —
    perm.site               —                 —            —        —
    perm.selfservice        —                 —            —        —
    build.ecr               not measured here —            —        not measured here · its step is in Actions, not in a timelin
    stage.migrate           not measured here —            —        not measured here · its step is in Actions, not in a timelin
    suite.db.stage          passed            —            —        2 of 2
    suite.api.stage         passed            —            5.1s     52 of 52 · 5.1s
    suite.regression.stage  passed            —            8.0s     12 of 12 · 8.0s
    suite.smoke.stage       passed            —            0.6s     2 of 2 · 0.6s
    gate.human              not measured here —            —        not measured here · its step is in Actions, not in a timelin
    suite.db.prod           passed            —            —        2 of 2
    suite.smoke.prod        passed            —            1.1s     2 of 2 · 1.1s
    destroy.stage           measured          —            7m 53s   7m 53s
    destroy.prod            measured          —            8m 20s   8m 20s
    out.devbox              —                 —            —        —
    out.github              —                 —            —        —

2026-08-12 07:00:39Z  tab-held  heartbeat
    clocks    github 06:59:45 AM · bucket 07:00:15 AM
    budget    GitHub budget: 28 of 60 requests left this hour
    cadence   auto: bucket every 30 s — status and figures, the figures up to a minute behind the write; GitHub every 60 s
    map       Generated from infra/ and tests/. At rest it shows the last cycle that finished, dated 2026-08-12; the map is on the page whether or not anything is running.180 tests are collected from the suites the
    verdict   all 9 succeeded
    stage.vpc               destroyed         ended        26s      destroyed · these figures are from the cycle that ended · 26
    stage.secrets           destroyed         ended        8m 36s   destroyed · these figures are from the cycle that ended · 8m
    stage.rds               destroyed         ended        8m 36s   destroyed · these figures are from the cycle that ended · 8m
    stage.alb               destroyed         ended        3m 16s   destroyed · these figures are from the cycle that ended · 3m
    stage.ecs               destroyed         ended        12s      destroyed · these figures are from the cycle that ended · 12
    stage.cloudwatch        destroyed         ended        0s       destroyed · these figures are from the cycle that ended · 0s
    stage.budgets           destroyed         ended        7s       destroyed · these figures are from the cycle that ended · 7s
    prod.vpc                destroyed         ended        26s      destroyed · these figures are from the cycle that ended · 26
    prod.secrets            destroyed         ended        8m 39s   destroyed · these figures are from the cycle that ended · 8m
    prod.rds                destroyed         ended        8m 38s   destroyed · these figures are from the cycle that ended · 8m
    prod.alb                destroyed         ended        3m 16s   destroyed · these figures are from the cycle that ended · 3m
    prod.ecs                destroyed         ended        11s      destroyed · these figures are from the cycle that ended · 11
    prod.cloudwatch         destroyed         ended        1s       destroyed · these figures are from the cycle that ended · 1s
    prod.dnsrec             destroyed         ended        31s      destroyed · these figures are from the cycle that ended · 31
    prod.budgets            destroyed         ended        8s       destroyed · these figures are from the cycle that ended · 8s
    perm.tfstate            —                 —            —        —
    perm.oidc               —                 —            —        —
    perm.ecr                —                 —            —        —
    perm.dns                —                 —            —        —
    perm.site               —                 —            —        —
    perm.selfservice        —                 —            —        —
    build.ecr               not measured here —            —        not measured here · its step is in Actions, not in a timelin
    stage.migrate           not measured here —            —        not measured here · its step is in Actions, not in a timelin
    suite.db.stage          passed            —            —        2 of 2
    suite.api.stage         passed            —            5.1s     52 of 52 · 5.1s
    suite.regression.stage  passed            —            8.0s     12 of 12 · 8.0s
    suite.smoke.stage       passed            —            0.6s     2 of 2 · 0.6s
    gate.human              not measured here —            —        not measured here · its step is in Actions, not in a timelin
    suite.db.prod           passed            —            —        2 of 2
    suite.smoke.prod        passed            —            1.1s     2 of 2 · 1.1s
    destroy.stage           measured          —            7m 53s   7m 53s
    destroy.prod            measured          —            8m 20s   8m 20s
    out.devbox              —                 —            —        —
    out.github              —                 —            —        —

2026-08-12 07:02:39Z  tab-held  heartbeat
    clocks    github 07:01:47 AM · bucket 07:02:17 AM
    budget    GitHub budget: 26 of 60 requests left this hour
    cadence   auto: bucket every 30 s — status and figures, the figures up to a minute behind the write; GitHub every 60 s
    map       Generated from infra/ and tests/. At rest it shows the last cycle that finished, dated 2026-08-12; the map is on the page whether or not anything is running.180 tests are collected from the suites the
    verdict   all 9 succeeded
    stage.vpc               destroyed         ended        26s      destroyed · these figures are from the cycle that ended · 26
    stage.secrets           destroyed         ended        8m 36s   destroyed · these figures are from the cycle that ended · 8m
    stage.rds               destroyed         ended        8m 36s   destroyed · these figures are from the cycle that ended · 8m
    stage.alb               destroyed         ended        3m 16s   destroyed · these figures are from the cycle that ended · 3m
    stage.ecs               destroyed         ended        12s      destroyed · these figures are from the cycle that ended · 12
    stage.cloudwatch        destroyed         ended        0s       destroyed · these figures are from the cycle that ended · 0s
    stage.budgets           destroyed         ended        7s       destroyed · these figures are from the cycle that ended · 7s
    prod.vpc                destroyed         ended        26s      destroyed · these figures are from the cycle that ended · 26
    prod.secrets            destroyed         ended        8m 39s   destroyed · these figures are from the cycle that ended · 8m
    prod.rds                destroyed         ended        8m 38s   destroyed · these figures are from the cycle that ended · 8m
    prod.alb                destroyed         ended        3m 16s   destroyed · these figures are from the cycle that ended · 3m
    prod.ecs                destroyed         ended        11s      destroyed · these figures are from the cycle that ended · 11
    prod.cloudwatch         destroyed         ended        1s       destroyed · these figures are from the cycle that ended · 1s
    prod.dnsrec             destroyed         ended        31s      destroyed · these figures are from the cycle that ended · 31
    prod.budgets            destroyed         ended        8s       destroyed · these figures are from the cycle that ended · 8s
    perm.tfstate            —                 —            —        —
    perm.oidc               —                 —            —        —
    perm.ecr                —                 —            —        —
    perm.dns                —                 —            —        —
    perm.site               —                 —            —        —
    perm.selfservice        —                 —            —        —
    build.ecr               not measured here —            —        not measured here · its step is in Actions, not in a timelin
    stage.migrate           not measured here —            —        not measured here · its step is in Actions, not in a timelin
    suite.db.stage          passed            —            —        2 of 2
    suite.api.stage         passed            —            5.1s     52 of 52 · 5.1s
    suite.regression.stage  passed            —            8.0s     12 of 12 · 8.0s
    suite.smoke.stage       passed            —            0.6s     2 of 2 · 0.6s
    gate.human              not measured here —            —        not measured here · its step is in Actions, not in a timelin
    suite.db.prod           passed            —            —        2 of 2
    suite.smoke.prod        passed            —            1.1s     2 of 2 · 1.1s
    destroy.stage           measured          —            7m 53s   7m 53s
    destroy.prod            measured          —            8m 20s   8m 20s
    out.devbox              —                 —            —        —
    out.github              —                 —            —        —

2026-08-12 07:04:39Z  tab-held  heartbeat
    clocks    github 07:03:49 AM · bucket 07:04:19 AM
    budget    GitHub budget: 24 of 60 requests left this hour
    cadence   auto: bucket every 30 s — status and figures, the figures up to a minute behind the write; GitHub every 60 s
    map       Generated from infra/ and tests/. At rest it shows the last cycle that finished, dated 2026-08-12; the map is on the page whether or not anything is running.180 tests are collected from the suites the
    verdict   all 9 succeeded
    stage.vpc               destroyed         ended        26s      destroyed · these figures are from the cycle that ended · 26
    stage.secrets           destroyed         ended        8m 36s   destroyed · these figures are from the cycle that ended · 8m
    stage.rds               destroyed         ended        8m 36s   destroyed · these figures are from the cycle that ended · 8m
    stage.alb               destroyed         ended        3m 16s   destroyed · these figures are from the cycle that ended · 3m
    stage.ecs               destroyed         ended        12s      destroyed · these figures are from the cycle that ended · 12
    stage.cloudwatch        destroyed         ended        0s       destroyed · these figures are from the cycle that ended · 0s
    stage.budgets           destroyed         ended        7s       destroyed · these figures are from the cycle that ended · 7s
    prod.vpc                destroyed         ended        26s      destroyed · these figures are from the cycle that ended · 26
    prod.secrets            destroyed         ended        8m 39s   destroyed · these figures are from the cycle that ended · 8m
    prod.rds                destroyed         ended        8m 38s   destroyed · these figures are from the cycle that ended · 8m
    prod.alb                destroyed         ended        3m 16s   destroyed · these figures are from the cycle that ended · 3m
    prod.ecs                destroyed         ended        11s      destroyed · these figures are from the cycle that ended · 11
    prod.cloudwatch         destroyed         ended        1s       destroyed · these figures are from the cycle that ended · 1s
    prod.dnsrec             destroyed         ended        31s      destroyed · these figures are from the cycle that ended · 31
    prod.budgets            destroyed         ended        8s       destroyed · these figures are from the cycle that ended · 8s
    perm.tfstate            —                 —            —        —
    perm.oidc               —                 —            —        —
    perm.ecr                —                 —            —        —
    perm.dns                —                 —            —        —
    perm.site               —                 —            —        —
    perm.selfservice        —                 —            —        —
    build.ecr               not measured here —            —        not measured here · its step is in Actions, not in a timelin
    stage.migrate           not measured here —            —        not measured here · its step is in Actions, not in a timelin
    suite.db.stage          passed            —            —        2 of 2
    suite.api.stage         passed            —            5.1s     52 of 52 · 5.1s
    suite.regression.stage  passed            —            8.0s     12 of 12 · 8.0s
    suite.smoke.stage       passed            —            0.6s     2 of 2 · 0.6s
    gate.human              not measured here —            —        not measured here · its step is in Actions, not in a timelin
    suite.db.prod           passed            —            —        2 of 2
    suite.smoke.prod        passed            —            1.1s     2 of 2 · 1.1s
    destroy.stage           measured          —            7m 53s   7m 53s
    destroy.prod            measured          —            8m 20s   8m 20s
    out.devbox              —                 —            —        —
    out.github              —                 —            —        —

2026-08-12 07:06:40Z  tab-held  heartbeat
    clocks    github 07:05:51 AM · bucket 07:06:21 AM
    budget    GitHub budget: 47 of 60 requests left this hour
    cadence   auto: bucket every 30 s — status and figures, the figures up to a minute behind the write; GitHub every 60 s
    map       Generated from infra/ and tests/. At rest it shows the last cycle that finished, dated 2026-08-12; the map is on the page whether or not anything is running.180 tests are collected from the suites the
    verdict   all 9 succeeded
    stage.vpc               destroyed         ended        26s      destroyed · these figures are from the cycle that ended · 26
    stage.secrets           destroyed         ended        8m 36s   destroyed · these figures are from the cycle that ended · 8m
    stage.rds               destroyed         ended        8m 36s   destroyed · these figures are from the cycle that ended · 8m
    stage.alb               destroyed         ended        3m 16s   destroyed · these figures are from the cycle that ended · 3m
    stage.ecs               destroyed         ended        12s      destroyed · these figures are from the cycle that ended · 12
    stage.cloudwatch        destroyed         ended        0s       destroyed · these figures are from the cycle that ended · 0s
    stage.budgets           destroyed         ended        7s       destroyed · these figures are from the cycle that ended · 7s
    prod.vpc                destroyed         ended        26s      destroyed · these figures are from the cycle that ended · 26
    prod.secrets            destroyed         ended        8m 39s   destroyed · these figures are from the cycle that ended · 8m
    prod.rds                destroyed         ended        8m 38s   destroyed · these figures are from the cycle that ended · 8m
    prod.alb                destroyed         ended        3m 16s   destroyed · these figures are from the cycle that ended · 3m
    prod.ecs                destroyed         ended        11s      destroyed · these figures are from the cycle that ended · 11
    prod.cloudwatch         destroyed         ended        1s       destroyed · these figures are from the cycle that ended · 1s
    prod.dnsrec             destroyed         ended        31s      destroyed · these figures are from the cycle that ended · 31
    prod.budgets            destroyed         ended        8s       destroyed · these figures are from the cycle that ended · 8s
    perm.tfstate            —                 —            —        —
    perm.oidc               —                 —            —        —
    perm.ecr                —                 —            —        —
    perm.dns                —                 —            —        —
    perm.site               —                 —            —        —
    perm.selfservice        —                 —            —        —
    build.ecr               not measured here —            —        not measured here · its step is in Actions, not in a timelin
    stage.migrate           not measured here —            —        not measured here · its step is in Actions, not in a timelin
    suite.db.stage          passed            —            —        2 of 2
    suite.api.stage         passed            —            5.1s     52 of 52 · 5.1s
    suite.regression.stage  passed            —            8.0s     12 of 12 · 8.0s
    suite.smoke.stage       passed            —            0.6s     2 of 2 · 0.6s
    gate.human              not measured here —            —        not measured here · its step is in Actions, not in a timelin
    suite.db.prod           passed            —            —        2 of 2
    suite.smoke.prod        passed            —            1.1s     2 of 2 · 1.1s
    destroy.stage           measured          —            7m 53s   7m 53s
    destroy.prod            measured          —            8m 20s   8m 20s
    out.devbox              —                 —            —        —
    out.github              —                 —            —        —

2026-08-12 07:08:40Z  tab-held  heartbeat
    clocks    github 07:07:53 AM · bucket 07:08:23 AM
    budget    GitHub budget: 21 of 60 requests left this hour
    cadence   auto: bucket every 30 s — status and figures, the figures up to a minute behind the write; GitHub every 60 s
    map       Generated from infra/ and tests/. At rest it shows the last cycle that finished, dated 2026-08-12; the map is on the page whether or not anything is running.180 tests are collected from the suites the
    verdict   all 9 succeeded
    stage.vpc               destroyed         ended        26s      destroyed · these figures are from the cycle that ended · 26
    stage.secrets           destroyed         ended        8m 36s   destroyed · these figures are from the cycle that ended · 8m
    stage.rds               destroyed         ended        8m 36s   destroyed · these figures are from the cycle that ended · 8m
    stage.alb               destroyed         ended        3m 16s   destroyed · these figures are from the cycle that ended · 3m
    stage.ecs               destroyed         ended        12s      destroyed · these figures are from the cycle that ended · 12
    stage.cloudwatch        destroyed         ended        0s       destroyed · these figures are from the cycle that ended · 0s
    stage.budgets           destroyed         ended        7s       destroyed · these figures are from the cycle that ended · 7s
    prod.vpc                destroyed         ended        26s      destroyed · these figures are from the cycle that ended · 26
    prod.secrets            destroyed         ended        8m 39s   destroyed · these figures are from the cycle that ended · 8m
    prod.rds                destroyed         ended        8m 38s   destroyed · these figures are from the cycle that ended · 8m
    prod.alb                destroyed         ended        3m 16s   destroyed · these figures are from the cycle that ended · 3m
    prod.ecs                destroyed         ended        11s      destroyed · these figures are from the cycle that ended · 11
    prod.cloudwatch         destroyed         ended        1s       destroyed · these figures are from the cycle that ended · 1s
    prod.dnsrec             destroyed         ended        31s      destroyed · these figures are from the cycle that ended · 31
    prod.budgets            destroyed         ended        8s       destroyed · these figures are from the cycle that ended · 8s
    perm.tfstate            —                 —            —        —
    perm.oidc               —                 —            —        —
    perm.ecr                —                 —            —        —
    perm.dns                —                 —            —        —
    perm.site               —                 —            —        —
    perm.selfservice        —                 —            —        —
    build.ecr               not measured here —            —        not measured here · its step is in Actions, not in a timelin
    stage.migrate           not measured here —            —        not measured here · its step is in Actions, not in a timelin
    suite.db.stage          passed            —            —        2 of 2
    suite.api.stage         passed            —            5.1s     52 of 52 · 5.1s
    suite.regression.stage  passed            —            8.0s     12 of 12 · 8.0s
    suite.smoke.stage       passed            —            0.6s     2 of 2 · 0.6s
    gate.human              not measured here —            —        not measured here · its step is in Actions, not in a timelin
    suite.db.prod           passed            —            —        2 of 2
    suite.smoke.prod        passed            —            1.1s     2 of 2 · 1.1s
    destroy.stage           measured          —            7m 53s   7m 53s
    destroy.prod            measured          —            8m 20s   8m 20s
    out.devbox              —                 —            —        —
    out.github              —                 —            —        —

2026-08-12 07:10:40Z  tab-held  heartbeat
    clocks    github 07:09:55 AM · bucket 07:10:25 AM
    budget    GitHub budget: 20 of 60 requests left this hour
    cadence   auto: bucket every 30 s — status and figures, the figures up to a minute behind the write; GitHub every 60 s
    map       Generated from infra/ and tests/. At rest it shows the last cycle that finished, dated 2026-08-12; the map is on the page whether or not anything is running.180 tests are collected from the suites the
    verdict   all 9 succeeded
    stage.vpc               destroyed         ended        26s      destroyed · these figures are from the cycle that ended · 26
    stage.secrets           destroyed         ended        8m 36s   destroyed · these figures are from the cycle that ended · 8m
    stage.rds               destroyed         ended        8m 36s   destroyed · these figures are from the cycle that ended · 8m
    stage.alb               destroyed         ended        3m 16s   destroyed · these figures are from the cycle that ended · 3m
    stage.ecs               destroyed         ended        12s      destroyed · these figures are from the cycle that ended · 12
    stage.cloudwatch        destroyed         ended        0s       destroyed · these figures are from the cycle that ended · 0s
    stage.budgets           destroyed         ended        7s       destroyed · these figures are from the cycle that ended · 7s
    prod.vpc                destroyed         ended        26s      destroyed · these figures are from the cycle that ended · 26
    prod.secrets            destroyed         ended        8m 39s   destroyed · these figures are from the cycle that ended · 8m
    prod.rds                destroyed         ended        8m 38s   destroyed · these figures are from the cycle that ended · 8m
    prod.alb                destroyed         ended        3m 16s   destroyed · these figures are from the cycle that ended · 3m
    prod.ecs                destroyed         ended        11s      destroyed · these figures are from the cycle that ended · 11
    prod.cloudwatch         destroyed         ended        1s       destroyed · these figures are from the cycle that ended · 1s
    prod.dnsrec             destroyed         ended        31s      destroyed · these figures are from the cycle that ended · 31
    prod.budgets            destroyed         ended        8s       destroyed · these figures are from the cycle that ended · 8s
    perm.tfstate            —                 —            —        —
    perm.oidc               —                 —            —        —
    perm.ecr                —                 —            —        —
    perm.dns                —                 —            —        —
    perm.site               —                 —            —        —
    perm.selfservice        —                 —            —        —
    build.ecr               not measured here —            —        not measured here · its step is in Actions, not in a timelin
    stage.migrate           not measured here —            —        not measured here · its step is in Actions, not in a timelin
    suite.db.stage          passed            —            —        2 of 2
    suite.api.stage         passed            —            5.1s     52 of 52 · 5.1s
    suite.regression.stage  passed            —            8.0s     12 of 12 · 8.0s
    suite.smoke.stage       passed            —            0.6s     2 of 2 · 0.6s
    gate.human              not measured here —            —        not measured here · its step is in Actions, not in a timelin
    suite.db.prod           passed            —            —        2 of 2
    suite.smoke.prod        passed            —            1.1s     2 of 2 · 1.1s
    destroy.stage           measured          —            7m 53s   7m 53s
    destroy.prod            measured          —            8m 20s   8m 20s
    out.devbox              —                 —            —        —
    out.github              —                 —            —        —

2026-08-12 07:12:41Z  tab-held  heartbeat
    clocks    github 07:11:57 AM · bucket 07:12:27 AM
    budget    GitHub budget: 45 of 60 requests left this hour
    cadence   auto: bucket every 30 s — status and figures, the figures up to a minute behind the write; GitHub every 60 s
    map       Generated from infra/ and tests/. At rest it shows the last cycle that finished, dated 2026-08-12; the map is on the page whether or not anything is running.180 tests are collected from the suites the
    verdict   all 9 succeeded
    stage.vpc               destroyed         ended        26s      destroyed · these figures are from the cycle that ended · 26
    stage.secrets           destroyed         ended        8m 36s   destroyed · these figures are from the cycle that ended · 8m
    stage.rds               destroyed         ended        8m 36s   destroyed · these figures are from the cycle that ended · 8m
    stage.alb               destroyed         ended        3m 16s   destroyed · these figures are from the cycle that ended · 3m
    stage.ecs               destroyed         ended        12s      destroyed · these figures are from the cycle that ended · 12
    stage.cloudwatch        destroyed         ended        0s       destroyed · these figures are from the cycle that ended · 0s
    stage.budgets           destroyed         ended        7s       destroyed · these figures are from the cycle that ended · 7s
    prod.vpc                destroyed         ended        26s      destroyed · these figures are from the cycle that ended · 26
    prod.secrets            destroyed         ended        8m 39s   destroyed · these figures are from the cycle that ended · 8m
    prod.rds                destroyed         ended        8m 38s   destroyed · these figures are from the cycle that ended · 8m
    prod.alb                destroyed         ended        3m 16s   destroyed · these figures are from the cycle that ended · 3m
    prod.ecs                destroyed         ended        11s      destroyed · these figures are from the cycle that ended · 11
    prod.cloudwatch         destroyed         ended        1s       destroyed · these figures are from the cycle that ended · 1s
    prod.dnsrec             destroyed         ended        31s      destroyed · these figures are from the cycle that ended · 31
    prod.budgets            destroyed         ended        8s       destroyed · these figures are from the cycle that ended · 8s
    perm.tfstate            —                 —            —        —
    perm.oidc               —                 —            —        —
    perm.ecr                —                 —            —        —
    perm.dns                —                 —            —        —
    perm.site               —                 —            —        —
    perm.selfservice        —                 —            —        —
    build.ecr               not measured here —            —        not measured here · its step is in Actions, not in a timelin
    stage.migrate           not measured here —            —        not measured here · its step is in Actions, not in a timelin
    suite.db.stage          passed            —            —        2 of 2
    suite.api.stage         passed            —            5.1s     52 of 52 · 5.1s
    suite.regression.stage  passed            —            8.0s     12 of 12 · 8.0s
    suite.smoke.stage       passed            —            0.6s     2 of 2 · 0.6s
    gate.human              not measured here —            —        not measured here · its step is in Actions, not in a timelin
    suite.db.prod           passed            —            —        2 of 2
    suite.smoke.prod        passed            —            1.1s     2 of 2 · 1.1s
    destroy.stage           measured          —            7m 53s   7m 53s
    destroy.prod            measured          —            8m 20s   8m 20s
    out.devbox              —                 —            —        —
    out.github              —                 —            —        —

2026-08-12 07:14:41Z  tab-held  heartbeat
    clocks    github 07:14:29 AM · bucket 07:14:28 AM
    budget    GitHub budget: 58 of 60 requests left this hour
    cadence   auto: bucket every 30 s — status and figures, the figures up to a minute behind the write; GitHub every 67 s
    map       Generated from infra/ and tests/. At rest it shows the last cycle that finished, dated 2026-08-12; the map is on the page whether or not anything is running.180 tests are collected from the suites the
    verdict   all 9 succeeded
    stage.vpc               destroyed         ended        26s      destroyed · these figures are from the cycle that ended · 26
    stage.secrets           destroyed         ended        8m 36s   destroyed · these figures are from the cycle that ended · 8m
    stage.rds               destroyed         ended        8m 36s   destroyed · these figures are from the cycle that ended · 8m
    stage.alb               destroyed         ended        3m 16s   destroyed · these figures are from the cycle that ended · 3m
    stage.ecs               destroyed         ended        12s      destroyed · these figures are from the cycle that ended · 12
    stage.cloudwatch        destroyed         ended        0s       destroyed · these figures are from the cycle that ended · 0s
    stage.budgets           destroyed         ended        7s       destroyed · these figures are from the cycle that ended · 7s
    prod.vpc                destroyed         ended        26s      destroyed · these figures are from the cycle that ended · 26
    prod.secrets            destroyed         ended        8m 39s   destroyed · these figures are from the cycle that ended · 8m
    prod.rds                destroyed         ended        8m 38s   destroyed · these figures are from the cycle that ended · 8m
    prod.alb                destroyed         ended        3m 16s   destroyed · these figures are from the cycle that ended · 3m
    prod.ecs                destroyed         ended        11s      destroyed · these figures are from the cycle that ended · 11
    prod.cloudwatch         destroyed         ended        1s       destroyed · these figures are from the cycle that ended · 1s
    prod.dnsrec             destroyed         ended        31s      destroyed · these figures are from the cycle that ended · 31
    prod.budgets            destroyed         ended        8s       destroyed · these figures are from the cycle that ended · 8s
    perm.tfstate            —                 —            —        —
    perm.oidc               —                 —            —        —
    perm.ecr                —                 —            —        —
    perm.dns                —                 —            —        —
    perm.site               —                 —            —        —
    perm.selfservice        —                 —            —        —
    build.ecr               not measured here —            —        not measured here · its step is in Actions, not in a timelin
    stage.migrate           not measured here —            —        not measured here · its step is in Actions, not in a timelin
    suite.db.stage          passed            —            —        2 of 2
    suite.api.stage         passed            —            5.1s     52 of 52 · 5.1s
    suite.regression.stage  passed            —            8.0s     12 of 12 · 8.0s
    suite.smoke.stage       passed            —            0.6s     2 of 2 · 0.6s
    gate.human              not measured here —            —        not measured here · its step is in Actions, not in a timelin
    suite.db.prod           passed            —            —        2 of 2
    suite.smoke.prod        passed            —            1.1s     2 of 2 · 1.1s
    destroy.stage           measured          —            7m 53s   7m 53s
    destroy.prod            measured          —            8m 20s   8m 20s
    out.devbox              —                 —            —        —
    out.github              —                 —            —        —

2026-08-12 07:16:41Z  tab-held  heartbeat
    clocks    github 07:16:00 AM · bucket 07:16:30 AM
    budget    GitHub budget: 44 of 60 requests left this hour
    cadence   auto: bucket every 30 s — status and figures, the figures up to a minute behind the write; GitHub every 60 s
    map       Generated from infra/ and tests/. At rest it shows the last cycle that finished, dated 2026-08-12; the map is on the page whether or not anything is running.180 tests are collected from the suites the
    verdict   all 9 succeeded
    stage.vpc               destroyed         ended        26s      destroyed · these figures are from the cycle that ended · 26
    stage.secrets           destroyed         ended        8m 36s   destroyed · these figures are from the cycle that ended · 8m
    stage.rds               destroyed         ended        8m 36s   destroyed · these figures are from the cycle that ended · 8m
    stage.alb               destroyed         ended        3m 16s   destroyed · these figures are from the cycle that ended · 3m
    stage.ecs               destroyed         ended        12s      destroyed · these figures are from the cycle that ended · 12
    stage.cloudwatch        destroyed         ended        0s       destroyed · these figures are from the cycle that ended · 0s
    stage.budgets           destroyed         ended        7s       destroyed · these figures are from the cycle that ended · 7s
    prod.vpc                destroyed         ended        26s      destroyed · these figures are from the cycle that ended · 26
    prod.secrets            destroyed         ended        8m 39s   destroyed · these figures are from the cycle that ended · 8m
    prod.rds                destroyed         ended        8m 38s   destroyed · these figures are from the cycle that ended · 8m
    prod.alb                destroyed         ended        3m 16s   destroyed · these figures are from the cycle that ended · 3m
    prod.ecs                destroyed         ended        11s      destroyed · these figures are from the cycle that ended · 11
    prod.cloudwatch         destroyed         ended        1s       destroyed · these figures are from the cycle that ended · 1s
    prod.dnsrec             destroyed         ended        31s      destroyed · these figures are from the cycle that ended · 31
    prod.budgets            destroyed         ended        8s       destroyed · these figures are from the cycle that ended · 8s
    perm.tfstate            —                 —            —        —
    perm.oidc               —                 —            —        —
    perm.ecr                —                 —            —        —
    perm.dns                —                 —            —        —
    perm.site               —                 —            —        —
    perm.selfservice        —                 —            —        —
    build.ecr               not measured here —            —        not measured here · its step is in Actions, not in a timelin
    stage.migrate           not measured here —            —        not measured here · its step is in Actions, not in a timelin
    suite.db.stage          passed            —            —        2 of 2
    suite.api.stage         passed            —            5.1s     52 of 52 · 5.1s
    suite.regression.stage  passed            —            8.0s     12 of 12 · 8.0s
    suite.smoke.stage       passed            —            0.6s     2 of 2 · 0.6s
    gate.human              not measured here —            —        not measured here · its step is in Actions, not in a timelin
    suite.db.prod           passed            —            —        2 of 2
    suite.smoke.prod        passed            —            1.1s     2 of 2 · 1.1s
    destroy.stage           measured          —            7m 53s   7m 53s
    destroy.prod            measured          —            8m 20s   8m 20s
    out.devbox              —                 —            —        —
    out.github              —                 —            —        —

2026-08-12 07:18:42Z  tab-held  heartbeat
    clocks    github 07:18:33 AM · bucket 07:18:32 AM
    budget    GitHub budget: 56 of 60 requests left this hour
    cadence   auto: bucket every 30 s — status and figures, the figures up to a minute behind the write; GitHub every 65 s
    map       Generated from infra/ and tests/. At rest it shows the last cycle that finished, dated 2026-08-12; the map is on the page whether or not anything is running.180 tests are collected from the suites the
    verdict   all 9 succeeded
    stage.vpc               destroyed         ended        26s      destroyed · these figures are from the cycle that ended · 26
    stage.secrets           destroyed         ended        8m 36s   destroyed · these figures are from the cycle that ended · 8m
    stage.rds               destroyed         ended        8m 36s   destroyed · these figures are from the cycle that ended · 8m
    stage.alb               destroyed         ended        3m 16s   destroyed · these figures are from the cycle that ended · 3m
    stage.ecs               destroyed         ended        12s      destroyed · these figures are from the cycle that ended · 12
    stage.cloudwatch        destroyed         ended        0s       destroyed · these figures are from the cycle that ended · 0s
    stage.budgets           destroyed         ended        7s       destroyed · these figures are from the cycle that ended · 7s
    prod.vpc                destroyed         ended        26s      destroyed · these figures are from the cycle that ended · 26
    prod.secrets            destroyed         ended        8m 39s   destroyed · these figures are from the cycle that ended · 8m
    prod.rds                destroyed         ended        8m 38s   destroyed · these figures are from the cycle that ended · 8m
    prod.alb                destroyed         ended        3m 16s   destroyed · these figures are from the cycle that ended · 3m
    prod.ecs                destroyed         ended        11s      destroyed · these figures are from the cycle that ended · 11
    prod.cloudwatch         destroyed         ended        1s       destroyed · these figures are from the cycle that ended · 1s
    prod.dnsrec             destroyed         ended        31s      destroyed · these figures are from the cycle that ended · 31
    prod.budgets            destroyed         ended        8s       destroyed · these figures are from the cycle that ended · 8s
    perm.tfstate            —                 —            —        —
    perm.oidc               —                 —            —        —
    perm.ecr                —                 —            —        —
    perm.dns                —                 —            —        —
    perm.site               —                 —            —        —
    perm.selfservice        —                 —            —        —
    build.ecr               not measured here —            —        not measured here · its step is in Actions, not in a timelin
    stage.migrate           not measured here —            —        not measured here · its step is in Actions, not in a timelin
    suite.db.stage          passed            —            —        2 of 2
    suite.api.stage         passed            —            5.1s     52 of 52 · 5.1s
    suite.regression.stage  passed            —            8.0s     12 of 12 · 8.0s
    suite.smoke.stage       passed            —            0.6s     2 of 2 · 0.6s
    gate.human              not measured here —            —        not measured here · its step is in Actions, not in a timelin
    suite.db.prod           passed            —            —        2 of 2
    suite.smoke.prod        passed            —            1.1s     2 of 2 · 1.1s
    destroy.stage           measured          —            7m 53s   7m 53s
    destroy.prod            measured          —            8m 20s   8m 20s
    out.devbox              —                 —            —        —
    out.github              —                 —            —        —

2026-08-12 07:20:42Z  tab-held  heartbeat
    clocks    github 07:20:04 AM · bucket 07:20:34 AM
    budget    GitHub budget: 55 of 60 requests left this hour
    cadence   auto: bucket every 30 s — status and figures, the figures up to a minute behind the write; GitHub every 64 s
    map       Generated from infra/ and tests/. At rest it shows the last cycle that finished, dated 2026-08-12; the map is on the page whether or not anything is running.180 tests are collected from the suites the
    verdict   all 9 succeeded
    stage.vpc               destroyed         ended        26s      destroyed · these figures are from the cycle that ended · 26
    stage.secrets           destroyed         ended        8m 36s   destroyed · these figures are from the cycle that ended · 8m
    stage.rds               destroyed         ended        8m 36s   destroyed · these figures are from the cycle that ended · 8m
    stage.alb               destroyed         ended        3m 16s   destroyed · these figures are from the cycle that ended · 3m
    stage.ecs               destroyed         ended        12s      destroyed · these figures are from the cycle that ended · 12
    stage.cloudwatch        destroyed         ended        0s       destroyed · these figures are from the cycle that ended · 0s
    stage.budgets           destroyed         ended        7s       destroyed · these figures are from the cycle that ended · 7s
    prod.vpc                destroyed         ended        26s      destroyed · these figures are from the cycle that ended · 26
    prod.secrets            destroyed         ended        8m 39s   destroyed · these figures are from the cycle that ended · 8m
    prod.rds                destroyed         ended        8m 38s   destroyed · these figures are from the cycle that ended · 8m
    prod.alb                destroyed         ended        3m 16s   destroyed · these figures are from the cycle that ended · 3m
    prod.ecs                destroyed         ended        11s      destroyed · these figures are from the cycle that ended · 11
    prod.cloudwatch         destroyed         ended        1s       destroyed · these figures are from the cycle that ended · 1s
    prod.dnsrec             destroyed         ended        31s      destroyed · these figures are from the cycle that ended · 31
    prod.budgets            destroyed         ended        8s       destroyed · these figures are from the cycle that ended · 8s
    perm.tfstate            —                 —            —        —
    perm.oidc               —                 —            —        —
    perm.ecr                —                 —            —        —
    perm.dns                —                 —            —        —
    perm.site               —                 —            —        —
    perm.selfservice        —                 —            —        —
    build.ecr               not measured here —            —        not measured here · its step is in Actions, not in a timelin
    stage.migrate           not measured here —            —        not measured here · its step is in Actions, not in a timelin
    suite.db.stage          passed            —            —        2 of 2
    suite.api.stage         passed            —            5.1s     52 of 52 · 5.1s
    suite.regression.stage  passed            —            8.0s     12 of 12 · 8.0s
    suite.smoke.stage       passed            —            0.6s     2 of 2 · 0.6s
    gate.human              not measured here —            —        not measured here · its step is in Actions, not in a timelin
    suite.db.prod           passed            —            —        2 of 2
    suite.smoke.prod        passed            —            1.1s     2 of 2 · 1.1s
    destroy.stage           measured          —            7m 53s   7m 53s
    destroy.prod            measured          —            8m 20s   8m 20s
    out.devbox              —                 —            —        —
    out.github              —                 —            —        —

2026-08-12 07:22:42Z  tab-held  heartbeat
    clocks    github 07:21:35 AM · bucket 07:22:35 AM
    budget    GitHub budget: 54 of 60 requests left this hour
    cadence   auto: bucket every 30 s — status and figures, the figures up to a minute behind the write; GitHub every 63 s
    map       Generated from infra/ and tests/. At rest it shows the last cycle that finished, dated 2026-08-12; the map is on the page whether or not anything is running.180 tests are collected from the suites the
    verdict   all 9 succeeded
    stage.vpc               destroyed         ended        26s      destroyed · these figures are from the cycle that ended · 26
    stage.secrets           destroyed         ended        8m 36s   destroyed · these figures are from the cycle that ended · 8m
    stage.rds               destroyed         ended        8m 36s   destroyed · these figures are from the cycle that ended · 8m
    stage.alb               destroyed         ended        3m 16s   destroyed · these figures are from the cycle that ended · 3m
    stage.ecs               destroyed         ended        12s      destroyed · these figures are from the cycle that ended · 12
    stage.cloudwatch        destroyed         ended        0s       destroyed · these figures are from the cycle that ended · 0s
    stage.budgets           destroyed         ended        7s       destroyed · these figures are from the cycle that ended · 7s
    prod.vpc                destroyed         ended        26s      destroyed · these figures are from the cycle that ended · 26
    prod.secrets            destroyed         ended        8m 39s   destroyed · these figures are from the cycle that ended · 8m
    prod.rds                destroyed         ended        8m 38s   destroyed · these figures are from the cycle that ended · 8m
    prod.alb                destroyed         ended        3m 16s   destroyed · these figures are from the cycle that ended · 3m
    prod.ecs                destroyed         ended        11s      destroyed · these figures are from the cycle that ended · 11
    prod.cloudwatch         destroyed         ended        1s       destroyed · these figures are from the cycle that ended · 1s
    prod.dnsrec             destroyed         ended        31s      destroyed · these figures are from the cycle that ended · 31
    prod.budgets            destroyed         ended        8s       destroyed · these figures are from the cycle that ended · 8s
    perm.tfstate            —                 —            —        —
    perm.oidc               —                 —            —        —
    perm.ecr                —                 —            —        —
    perm.dns                —                 —            —        —
    perm.site               —                 —            —        —
    perm.selfservice        —                 —            —        —
    build.ecr               not measured here —            —        not measured here · its step is in Actions, not in a timelin
    stage.migrate           not measured here —            —        not measured here · its step is in Actions, not in a timelin
    suite.db.stage          passed            —            —        2 of 2
    suite.api.stage         passed            —            5.1s     52 of 52 · 5.1s
    suite.regression.stage  passed            —            8.0s     12 of 12 · 8.0s
    suite.smoke.stage       passed            —            0.6s     2 of 2 · 0.6s
    gate.human              not measured here —            —        not measured here · its step is in Actions, not in a timelin
    suite.db.prod           passed            —            —        2 of 2
    suite.smoke.prod        passed            —            1.1s     2 of 2 · 1.1s
    destroy.stage           measured          —            7m 53s   7m 53s
    destroy.prod            measured          —            8m 20s   8m 20s
    out.devbox              —                 —            —        —
    out.github              —                 —            —        —

2026-08-12 07:24:43Z  tab-held  heartbeat
    clocks    github 07:24:37 AM · bucket 07:24:36 AM
    budget    GitHub budget: 52 of 60 requests left this hour
    cadence   auto: bucket every 30 s — status and figures, the figures up to a minute behind the write; GitHub every 63 s
    map       Generated from infra/ and tests/. At rest it shows the last cycle that finished, dated 2026-08-12; the map is on the page whether or not anything is running.180 tests are collected from the suites the
    verdict   all 9 succeeded
    stage.vpc               destroyed         ended        26s      destroyed · these figures are from the cycle that ended · 26
    stage.secrets           destroyed         ended        8m 36s   destroyed · these figures are from the cycle that ended · 8m
    stage.rds               destroyed         ended        8m 36s   destroyed · these figures are from the cycle that ended · 8m
    stage.alb               destroyed         ended        3m 16s   destroyed · these figures are from the cycle that ended · 3m
    stage.ecs               destroyed         ended        12s      destroyed · these figures are from the cycle that ended · 12
    stage.cloudwatch        destroyed         ended        0s       destroyed · these figures are from the cycle that ended · 0s
    stage.budgets           destroyed         ended        7s       destroyed · these figures are from the cycle that ended · 7s
    prod.vpc                destroyed         ended        26s      destroyed · these figures are from the cycle that ended · 26
    prod.secrets            destroyed         ended        8m 39s   destroyed · these figures are from the cycle that ended · 8m
    prod.rds                destroyed         ended        8m 38s   destroyed · these figures are from the cycle that ended · 8m
    prod.alb                destroyed         ended        3m 16s   destroyed · these figures are from the cycle that ended · 3m
    prod.ecs                destroyed         ended        11s      destroyed · these figures are from the cycle that ended · 11
    prod.cloudwatch         destroyed         ended        1s       destroyed · these figures are from the cycle that ended · 1s
    prod.dnsrec             destroyed         ended        31s      destroyed · these figures are from the cycle that ended · 31
    prod.budgets            destroyed         ended        8s       destroyed · these figures are from the cycle that ended · 8s
    perm.tfstate            —                 —            —        —
    perm.oidc               —                 —            —        —
    perm.ecr                —                 —            —        —
    perm.dns                —                 —            —        —
    perm.site               —                 —            —        —
    perm.selfservice        —                 —            —        —
    build.ecr               not measured here —            —        not measured here · its step is in Actions, not in a timelin
    stage.migrate           not measured here —            —        not measured here · its step is in Actions, not in a timelin
    suite.db.stage          passed            —            —        2 of 2
    suite.api.stage         passed            —            5.1s     52 of 52 · 5.1s
    suite.regression.stage  passed            —            8.0s     12 of 12 · 8.0s
    suite.smoke.stage       passed            —            0.6s     2 of 2 · 0.6s
    gate.human              not measured here —            —        not measured here · its step is in Actions, not in a timelin
    suite.db.prod           passed            —            —        2 of 2
    suite.smoke.prod        passed            —            1.1s     2 of 2 · 1.1s
    destroy.stage           measured          —            7m 53s   7m 53s
    destroy.prod            measured          —            8m 20s   8m 20s
    out.devbox              —                 —            —        —
    out.github              —                 —            —        —

2026-08-12 07:26:43Z  tab-held  heartbeat
    clocks    github 07:26:08 AM · bucket 07:26:38 AM
    budget    GitHub budget: 51 of 60 requests left this hour
    cadence   auto: bucket every 30 s — status and figures, the figures up to a minute behind the write; GitHub every 62 s
    map       Generated from infra/ and tests/. At rest it shows the last cycle that finished, dated 2026-08-12; the map is on the page whether or not anything is running.180 tests are collected from the suites the
    verdict   all 9 succeeded
    stage.vpc               destroyed         ended        26s      destroyed · these figures are from the cycle that ended · 26
    stage.secrets           destroyed         ended        8m 36s   destroyed · these figures are from the cycle that ended · 8m
    stage.rds               destroyed         ended        8m 36s   destroyed · these figures are from the cycle that ended · 8m
    stage.alb               destroyed         ended        3m 16s   destroyed · these figures are from the cycle that ended · 3m
    stage.ecs               destroyed         ended        12s      destroyed · these figures are from the cycle that ended · 12
    stage.cloudwatch        destroyed         ended        0s       destroyed · these figures are from the cycle that ended · 0s
    stage.budgets           destroyed         ended        7s       destroyed · these figures are from the cycle that ended · 7s
    prod.vpc                destroyed         ended        26s      destroyed · these figures are from the cycle that ended · 26
    prod.secrets            destroyed         ended        8m 39s   destroyed · these figures are from the cycle that ended · 8m
    prod.rds                destroyed         ended        8m 38s   destroyed · these figures are from the cycle that ended · 8m
    prod.alb                destroyed         ended        3m 16s   destroyed · these figures are from the cycle that ended · 3m
    prod.ecs                destroyed         ended        11s      destroyed · these figures are from the cycle that ended · 11
    prod.cloudwatch         destroyed         ended        1s       destroyed · these figures are from the cycle that ended · 1s
    prod.dnsrec             destroyed         ended        31s      destroyed · these figures are from the cycle that ended · 31
    prod.budgets            destroyed         ended        8s       destroyed · these figures are from the cycle that ended · 8s
    perm.tfstate            —                 —            —        —
    perm.oidc               —                 —            —        —
    perm.ecr                —                 —            —        —
    perm.dns                —                 —            —        —
    perm.site               —                 —            —        —
    perm.selfservice        —                 —            —        —
    build.ecr               not measured here —            —        not measured here · its step is in Actions, not in a timelin
    stage.migrate           not measured here —            —        not measured here · its step is in Actions, not in a timelin
    suite.db.stage          passed            —            —        2 of 2
    suite.api.stage         passed            —            5.1s     52 of 52 · 5.1s
    suite.regression.stage  passed            —            8.0s     12 of 12 · 8.0s
    suite.smoke.stage       passed            —            0.6s     2 of 2 · 0.6s
    gate.human              not measured here —            —        not measured here · its step is in Actions, not in a timelin
    suite.db.prod           passed            —            —        2 of 2
    suite.smoke.prod        passed            —            1.1s     2 of 2 · 1.1s
    destroy.stage           measured          —            7m 53s   7m 53s
    destroy.prod            measured          —            8m 20s   8m 20s
    out.devbox              —                 —            —        —
    out.github              —                 —            —        —

2026-08-12 07:28:43Z  tab-held  heartbeat
    clocks    github 07:27:39 AM · bucket 07:28:39 AM
    budget    GitHub budget: 50 of 60 requests left this hour
    cadence   auto: bucket every 30 s — status and figures, the figures up to a minute behind the write; GitHub every 60 s
    map       Generated from infra/ and tests/. At rest it shows the last cycle that finished, dated 2026-08-12; the map is on the page whether or not anything is running.180 tests are collected from the suites the
    verdict   all 9 succeeded
    stage.vpc               destroyed         ended        26s      destroyed · these figures are from the cycle that ended · 26
    stage.secrets           destroyed         ended        8m 36s   destroyed · these figures are from the cycle that ended · 8m
    stage.rds               destroyed         ended        8m 36s   destroyed · these figures are from the cycle that ended · 8m
    stage.alb               destroyed         ended        3m 16s   destroyed · these figures are from the cycle that ended · 3m
    stage.ecs               destroyed         ended        12s      destroyed · these figures are from the cycle that ended · 12
    stage.cloudwatch        destroyed         ended        0s       destroyed · these figures are from the cycle that ended · 0s
    stage.budgets           destroyed         ended        7s       destroyed · these figures are from the cycle that ended · 7s
    prod.vpc                destroyed         ended        26s      destroyed · these figures are from the cycle that ended · 26
    prod.secrets            destroyed         ended        8m 39s   destroyed · these figures are from the cycle that ended · 8m
    prod.rds                destroyed         ended        8m 38s   destroyed · these figures are from the cycle that ended · 8m
    prod.alb                destroyed         ended        3m 16s   destroyed · these figures are from the cycle that ended · 3m
    prod.ecs                destroyed         ended        11s      destroyed · these figures are from the cycle that ended · 11
    prod.cloudwatch         destroyed         ended        1s       destroyed · these figures are from the cycle that ended · 1s
    prod.dnsrec             destroyed         ended        31s      destroyed · these figures are from the cycle that ended · 31
    prod.budgets            destroyed         ended        8s       destroyed · these figures are from the cycle that ended · 8s
    perm.tfstate            —                 —            —        —
    perm.oidc               —                 —            —        —
    perm.ecr                —                 —            —        —
    perm.dns                —                 —            —        —
    perm.site               —                 —            —        —
    perm.selfservice        —                 —            —        —
    build.ecr               not measured here —            —        not measured here · its step is in Actions, not in a timelin
    stage.migrate           not measured here —            —        not measured here · its step is in Actions, not in a timelin
    suite.db.stage          passed            —            —        2 of 2
    suite.api.stage         passed            —            5.1s     52 of 52 · 5.1s
    suite.regression.stage  passed            —            8.0s     12 of 12 · 8.0s
    suite.smoke.stage       passed            —            0.6s     2 of 2 · 0.6s
    gate.human              not measured here —            —        not measured here · its step is in Actions, not in a timelin
    suite.db.prod           passed            —            —        2 of 2
    suite.smoke.prod        passed            —            1.1s     2 of 2 · 1.1s
    destroy.stage           measured          —            7m 53s   7m 53s
    destroy.prod            measured          —            8m 20s   8m 20s
    out.devbox              —                 —            —        —
    out.github              —                 —            —        —

2026-08-12 07:30:44Z  tab-held  heartbeat
    clocks    github 07:30:41 AM · bucket 07:30:40 AM
    budget    GitHub budget: 59 of 60 requests left this hour
    cadence   auto: bucket every 30 s — status and figures, the figures up to a minute behind the write; GitHub every 68 s
    map       Generated from infra/ and tests/. At rest it shows the last cycle that finished, dated 2026-08-12; the map is on the page whether or not anything is running.180 tests are collected from the suites the
    verdict   all 9 succeeded
    stage.vpc               destroyed         ended        26s      destroyed · these figures are from the cycle that ended · 26
    stage.secrets           destroyed         ended        8m 36s   destroyed · these figures are from the cycle that ended · 8m
    stage.rds               destroyed         ended        8m 36s   destroyed · these figures are from the cycle that ended · 8m
    stage.alb               destroyed         ended        3m 16s   destroyed · these figures are from the cycle that ended · 3m
    stage.ecs               destroyed         ended        12s      destroyed · these figures are from the cycle that ended · 12
    stage.cloudwatch        destroyed         ended        0s       destroyed · these figures are from the cycle that ended · 0s
    stage.budgets           destroyed         ended        7s       destroyed · these figures are from the cycle that ended · 7s
    prod.vpc                destroyed         ended        26s      destroyed · these figures are from the cycle that ended · 26
    prod.secrets            destroyed         ended        8m 39s   destroyed · these figures are from the cycle that ended · 8m
    prod.rds                destroyed         ended        8m 38s   destroyed · these figures are from the cycle that ended · 8m
    prod.alb                destroyed         ended        3m 16s   destroyed · these figures are from the cycle that ended · 3m
    prod.ecs                destroyed         ended        11s      destroyed · these figures are from the cycle that ended · 11
    prod.cloudwatch         destroyed         ended        1s       destroyed · these figures are from the cycle that ended · 1s
    prod.dnsrec             destroyed         ended        31s      destroyed · these figures are from the cycle that ended · 31
    prod.budgets            destroyed         ended        8s       destroyed · these figures are from the cycle that ended · 8s
    perm.tfstate            —                 —            —        —
    perm.oidc               —                 —            —        —
    perm.ecr                —                 —            —        —
    perm.dns                —                 —            —        —
    perm.site               —                 —            —        —
    perm.selfservice        —                 —            —        —
    build.ecr               not measured here —            —        not measured here · its step is in Actions, not in a timelin
    stage.migrate           not measured here —            —        not measured here · its step is in Actions, not in a timelin
    suite.db.stage          passed            —            —        2 of 2
    suite.api.stage         passed            —            5.1s     52 of 52 · 5.1s
    suite.regression.stage  passed            —            8.0s     12 of 12 · 8.0s
    suite.smoke.stage       passed            —            0.6s     2 of 2 · 0.6s
    gate.human              not measured here —            —        not measured here · its step is in Actions, not in a timelin
    suite.db.prod           passed            —            —        2 of 2
    suite.smoke.prod        passed            —            1.1s     2 of 2 · 1.1s
    destroy.stage           measured          —            7m 53s   7m 53s
    destroy.prod            measured          —            8m 20s   8m 20s
    out.devbox              —                 —            —        —
    out.github              —                 —            —        —

# watch-page done 2026-08-12T07:32:04.368Z
